id,domain,status,purchase_price,renewal_price,attractiveness,demand,length,registrar,created_at,expires_at,status_verified_at
2de23819-9b45-4f9d-9246-c533c10d5572,mammary.bingo,available,14.99,77.99,medium,low,7,name.com,,,24/08/2026 14:23
0c9286b7-d3b3-49a3-9a31-d82bb5a9206d,nourish.bingo,available,53.99,53.99,high,low,7,namesilo,,,18/09/2026 07:58
7383fd6f-4a12-498f-b086-8e908cd67fdb,dodge.bingo,available,51.98,68.98,high,low,5,namecheap,,,28/09/2026 01:47
c7a1bab3-0e59-45e8-9bdd-06571390d913,smartness.bingo,available,14.99,77.99,high,low,9,name.com,,,12/08/2026 04:49
b9e74069-4d4c-46e3-b3bc-ee69cc66dbfe,painkiller.bingo,available,14.99,77.99,high,low,10,name.com,,,
4de6276e-77b4-4161-aaf4-17f0b665ee44,annexation.bingo,available,53.99,53.99,medium,low,10,namesilo,,,19/09/2026 10:25
9591ccf8-b836-4279-8ca2-0f79f5414ecc,nnw.bingo,available,51.98,68.98,medium,low,3,namecheap,,,15/09/2026 16:52
ae7a35bd-3a2b-495b-85ce-748c1ec3c555,unspent.bingo,available,51.98,68.98,medium,low,7,namecheap,,,12/09/2026 09:36
72b13bfe-7d6f-4396-9a6f-0ca5d6dd8edc,presumably.bingo,available,51.98,68.98,medium,low,10,namecheap,,,15/09/2026 21:20
9cb77be7-ba03-4334-a6eb-67b25adf2617,offline.bingo,available,51.98,68.98,high,medium,8,namecheap,,,04/09/2026 01:13
efb32e26-2e69-4148-9f29-2edb81b41166,antido.bingo,available,51.98,68.98,medium,low,6,namecheap,,,19/09/2026 14:17
0030527f-6b6b-48a9-85da-88e9b363e180,moderately.bingo,available,53.99,53.99,medium,low,10,namesilo,,,25/09/2026 12:00
8cb3014e-ce53-4bed-928b-0e32f35f2891,innocence.bingo,available,14.99,,high,low,9,name.com,,,
dff38af2-fceb-49bd-ae54-6b19a7828580,initiate.bingo,available,14.99,77.99,high,low,8,name.com,,,17/08/2026 09:35
ccdd7307-81ff-43eb-b5b3-15351f1600cc,huntsville.bingo,available,53.99,53.99,high,low,10,namesilo,,,27/09/2026 04:30
38e14859-3b0f-4dc2-b20f-32992f51bddc,hardware.bingo,available,14.99,77.99,high,low,8,name.com,,,24/09/2026 16:57
f51c3af9-d5ca-4020-824f-ef6fdd76e8fc,blackening.bingo,available,14.99,77.99,medium,low,10,name.com,,,13/08/2026 18:12
86fb36cd-47f9-458a-a361-c7b21e74b629,anarchic.bingo,available,14.99,77.99,medium,low,8,name.com,,,
8d472bbe-a9f8-4642-a46e-7445b5586273,laborer.bingo,available,14.99,,high,low,7,name.com,,,
730ee7fe-ffdb-43c8-a147-83c339347f0b,aldol.bingo,available,53.99,53.99,high,low,5,namesilo,,,18/09/2026 04:25
e2fa3f11-a88c-4790-9518-a9c4dd406ccb,livingston.bingo,available,51.98,68.98,high,low,10,namecheap,,,25/09/2026 09:01
61e68ec8-a25c-4cd8-8089-cf75e88f0c98,kelvin.bingo,available,14.99,77.99,high,low,6,name.com,,,22/08/2026 15:02
f4a8d0e6-8333-4d90-ba5b-0fb6edd74b84,dday.bingo,available,53.99,53.99,high,low,5,namesilo,,,16/09/2026 12:39
0ac7245e-fb4e-4f85-9876-165fa08d84fa,curse.bingo,available,53.99,53.99,high,low,5,namesilo,,,24/09/2026 04:27
673e363c-c0eb-413f-be77-ad7559cb8080,unneeded.bingo,available,51.98,68.98,medium,low,8,namecheap,,,12/09/2026 15:52
93c4abbc-72da-4c25-ae18-abfb6b91454e,limestone.bingo,available,14.99,,high,low,9,name.com,,,
5d267129-1061-4214-8a20-69a637335fc9,mistakes.bingo,available,53.99,53.99,medium,low,8,namesilo,,,16/09/2026 10:20
a7591914-a702-4e7f-b4db-c330b2662270,disapproval.bingo,available,14.99,,medium,low,11,name.com,,,
a89b1d3d-c4b5-46b5-ade9-abfeeb791001,billow.bingo,available,53.99,53.99,medium,low,6,namesilo,,,23/09/2026 16:34
a3b81465-e71e-4e6c-b197-089f434c4b71,mancunian.bingo,available,14.99,77.99,medium,low,9,name.com,,,24/08/2026 14:36
5739f465-641e-4e4b-b285-3925a7c1129c,suppertime.bingo,available,53.99,53.99,high,low,10,namesilo,,,24/09/2026 22:23
63f8c665-4ac2-4fde-a189-e04734666bdb,unfretted.bingo,available,51.98,68.98,medium,low,9,namecheap,,,12/09/2026 10:45
8eba48b3-d526-428f-9cde-ef9265c4f787,smashingly.bingo,available,51.98,68.98,medium,low,10,namecheap,,,16/09/2026 02:49
9d0e2f77-324f-4a48-a8c2-1bee07bf4288,bezant.bingo,available,53.99,53.99,medium,low,6,namesilo,,,23/09/2026 12:11
37f50b79-0497-4ba2-9cdd-7b3c840de4ed,spine.bingo,available,14.99,,high,low,5,name.com,,,
5a7991d4-a45f-4a56-8802-7bc314d53912,unhatched.bingo,available,14.99,77.99,medium,low,9,name.com,,,12/09/2026 12:05
e1306b40-4523-43d6-af39-62e72b6cf8ba,valued.bingo,available,14.99,,high,low,6,name.com,,,
fd5ff0da-49aa-42c5-9dbd-6ba4c477fc34,tongues.bingo,available,51.98,68.98,medium,low,7,namecheap,,,18/09/2026 07:52
a102304c-379b-4863-9fea-f9d3fb7af905,description.bingo,available,14.99,,high,low,11,name.com,,,
33382fd6-9aae-4daa-86f6-9225c342272d,ruffle.bingo,available,51.98,68.98,high,low,6,namecheap,,,11/09/2026 05:07
81313f97-6c9e-4900-a61a-607136eb094d,sweep.bingo,available,51.98,68.98,high,low,5,namecheap,,,24/09/2026 10:48
af035300-ed29-4bb1-9176-388aaf932eae,wagram.bingo,available,53.99,53.99,medium,low,6,namesilo,,,22/09/2026 16:18
77d326bd-8c22-4cf7-b19f-b691afdbaafb,cuboid.bingo,available,14.99,77.99,medium,low,6,name.com,,,13/08/2026 09:58
f11fc5db-0320-4829-b2a9-93aea1f31dea,bearing.bingo,available,51.98,68.98,high,low,7,namecheap,,,22/09/2026 18:34
f2c0cd06-585e-4e55-b0af-6cd31cf04d73,multiply.bingo,available,51.98,68.98,high,low,8,namecheap,,,15/09/2026 15:37
f4bc6a98-7010-4848-ba8c-fd6fa94701e6,diversity.bingo,available,14.99,,high,low,9,name.com,,,
b11ad474-2709-48f8-a659-31615922695c,row.bingo,available,51.98,68.98,high,low,3,namecheap,,,25/09/2026 05:05
50b8f0a3-fcbc-4746-98ce-f2a39cb0857e,frail.bingo,available,14.99,77.99,high,low,5,name.com,,,18/08/2026 13:59
650096f5-43a8-4c24-ab5f-a347755a83e0,pavlova.bingo,available,53.99,53.99,medium,low,7,namesilo,,,19/09/2026 10:01
ea4c8c4e-65e2-4a92-9f2b-be5896902567,imprecise.bingo,available,14.99,77.99,medium,low,9,name.com,,,21/08/2026 23:00
c7770cf3-9ffb-44f4-bbc6-b24ad9f7c5fb,introducing.bingo,available,51.98,68.98,medium,low,11,namecheap,,,17/09/2026 20:59
2b7ad5c2-75d5-4d23-880f-28f167f1f826,waterless.bingo,available,14.99,77.99,medium,low,9,name.com,,,06/08/2026 19:03
235d17ca-a379-4797-b7d0-50ac5195cea8,albatross.bingo,available,51.98,68.98,high,low,9,namecheap,,,18/09/2026 02:28
251536b3-116e-4de7-9c98-63df96d999b7,aperture.bingo,available,51.98,68.98,high,low,8,namecheap,,,19/09/2026 16:35
23b90d3a-9b5d-49dc-97cb-f7d734f67018,erik.bingo,available,53.99,53.99,high,low,4,namesilo,,,25/09/2026 14:19
373c1977-82b8-4fdc-8ec1-7f0d83a79498,diversely.bingo,available,51.98,68.98,medium,low,9,namecheap,,,14/09/2026 13:25
c6b9784d-1f6f-456b-ad4c-1b8caf301071,honored.bingo,available,14.99,77.99,high,low,7,name.com,,,17/08/2026 13:25
34e41e08-22b2-41c8-aa66-73a88ce09876,abs.bingo,available,53.99,53.99,high,low,3,namesilo,,,16/09/2026 17:29
1ba0faaa-5fa8-4a10-b4b8-3a90fdbbd218,incertain.bingo,available,14.99,77.99,medium,low,9,name.com,,,22/08/2026 01:10
6b58568d-ecbd-44d7-9ec3-04b7cde6c12b,nose.bingo,available,14.99,,high,low,4,name.com,,,
c55fcad7-fabe-4f45-9ef7-7ed2fd69c88d,estimable.bingo,available,14.99,77.99,medium,low,9,name.com,,,12/08/2026 19:44
6477e938-7a52-457b-990f-7d2fef43eb3f,advertence.bingo,available,53.99,53.99,medium,low,10,namesilo,,,17/09/2026 11:06
3b4ec00b-fbd4-4285-9eaf-851a8e7b0f54,lollygag.bingo,available,51.98,68.98,medium,low,8,namecheap,,,11/09/2026 08:29
878f51fe-2eed-4a97-9a73-f1ddd1b4cf50,umbrella.bingo,available,14.99,77.99,high,low,8,name.com,,,11/09/2026 23:04
22832ebb-897b-4c0f-b44e-930f9780609e,fractious.bingo,available,14.99,77.99,medium,low,9,name.com,,,18/08/2026 13:53
c0d62a71-8080-4a85-98d1-6c3c33ad1933,amundsen.bingo,available,51.98,68.98,medium,low,8,namecheap,,,19/09/2026 00:12
2dabc5ce-cb25-488c-9114-9cb85d81d35d,bickering.bingo,available,51.98,68.98,medium,low,9,namecheap,,,23/09/2026 13:12
84d2c154-913a-4457-a940-1519ecfb27d1,worrying.bingo,available,14.99,77.99,medium,low,8,name.com,,,14/08/2026 13:23
c24bb7a4-f3af-4b9d-856b-f69aaa6977f9,inflected.bingo,available,14.99,77.99,medium,low,9,name.com,,,22/08/2026 04:31
9427abdd-33f1-4695-b028-89da08c6c091,steve.bingo,available,53.99,53.99,high,medium,5,namesilo,,,25/09/2026 11:49
4eae4118-fad5-4da4-8c34-a1245f32cf7a,doubting.bingo,available,14.99,77.99,medium,low,8,name.com,,,14/08/2026 17:01
caade81b-2d1d-48a7-9b13-1c115fc43647,men.bingo,available,14.99,,high,low,3,name.com,,,
cb51f434-0540-4000-9dac-465f7e0506f8,bayat.bingo,available,51.98,68.98,medium,low,5,namecheap,,,22/09/2026 17:57
22cef989-2f09-420f-9fee-e06a64c5af79,murdered.bingo,available,51.98,68.98,medium,low,8,namecheap,,,03/09/2026 11:02
2b60059f-787d-4378-8824-a97384680ff8,dandily.bingo,available,51.98,68.98,medium,low,7,namecheap,,,14/09/2026 10:33
d86d16e0-51a1-41fa-8ddf-d51dab92bdad,verbosely.bingo,available,51.98,68.98,medium,low,9,namecheap,,,15/09/2026 12:43
52a44c6e-9633-43f7-9b47-f1f4734dd507,adjustor.bingo,available,53.99,53.99,medium,low,8,namesilo,,,17/09/2026 08:34
4ef5ec8e-ee61-4883-b435-29683d854e3e,followed.bingo,available,51.98,68.98,medium,low,8,namecheap,,,25/09/2026 17:12
4741951c-11ec-4a8b-bfe6-b5556eda78d7,deadlines.bingo,available,53.99,53.99,medium,low,9,namesilo,,,21/09/2026 08:50
9a5c643d-3b97-4555-807f-e885215156f9,chinquapin.bingo,available,53.99,53.99,medium,low,10,namesilo,,,18/09/2026 10:57
1b3e1853-314b-4d5c-827d-d53bfce9b543,abe.bingo,available,53.99,53.99,high,low,3,namesilo,,,25/09/2026 11:28
c9335846-aaa7-4b64-aec1-74b95cb96204,calciferol.bingo,available,14.99,77.99,medium,low,10,name.com,,,13/08/2026 15:07
b82ddeed-c1a1-4977-b3ab-3b5835c20b7c,sewed.bingo,available,51.98,68.98,medium,low,5,namecheap,,,10/09/2026 05:05
fad6b08a-3870-4124-99c0-a4b14e5fe519,drifting.bingo,available,14.99,77.99,high,low,8,name.com,,,14/08/2026 19:13
39db642b-381c-4893-9f40-76ead491b5b5,pullover.bingo,available,53.99,53.99,high,low,9,namesilo,,,16/09/2026 17:17
8aa72b0b-8861-4246-a4aa-41a1877f20c4,intense.bingo,available,51.98,68.98,high,low,7,namecheap,,,25/09/2026 09:55
32c65bae-0eb2-4cbe-b84b-2922b32fa7ad,outflank.bingo,available,14.99,77.99,medium,low,8,name.com,,,09/08/2026 17:48
6156702a-b39c-4428-b869-00ab686cb953,compton.bingo,available,53.99,53.99,high,low,7,namesilo,,,20/09/2026 10:47
0d2fdc09-189d-4827-88a4-71bb19ab3e9d,successfully.bingo,available,14.99,,high,low,12,name.com,,,
7a117028-b540-4814-81db-8c5d11b5df0f,linear.bingo,available,14.99,77.99,high,low,6,name.com,,,
cc67b21c-eb28-4a15-825e-625f7fdd9a7b,crucial.bingo,available,53.99,53.99,high,low,7,namesilo,,,22/09/2026 00:39
fc1c3528-424e-4806-bb56-c97bc7561492,volunteer.bingo,available,51.98,68.98,high,low,9,namecheap,,,13/09/2026 07:13
5c0359d6-78c2-47ad-9dda-faeecb5a3c6d,basilar.bingo,available,14.99,77.99,medium,low,7,name.com,,,08/08/2026 22:16
a9ed8aab-9334-4b17-90ac-b5558f2e78a8,audiometry.bingo,available,53.99,53.99,medium,low,10,namesilo,,,21/09/2026 02:58
0908ba69-2ab5-4d4e-9add-4f8730b9921a,stink.bingo,available,14.99,,high,low,5,name.com,,,
ff550d60-8888-4ab6-a3c7-0ae2afa3b7ec,cenozoic.bingo,available,14.99,77.99,medium,low,8,name.com,,,11/08/2026 23:46
dabf2f79-158d-461e-a563-4aec4efc191a,sexually.bingo,available,51.98,68.98,medium,low,8,namecheap,,,16/09/2026 01:18
4f3836f4-a93a-4b8c-8c1b-f33b3f1c755b,markovian.bingo,available,14.99,77.99,medium,low,9,name.com,,,24/08/2026 16:06
d4c22067-85a9-44bb-8df1-929982e4ea42,geothermic.bingo,available,14.99,77.99,medium,low,10,name.com,,,18/08/2026 22:41
998434bd-3f8d-446c-b7ae-7c7ad49783d5,typed.bingo,available,53.99,53.99,high,low,5,namesilo,,,17/09/2026 22:44
99b0bdd4-8e03-43a3-855a-b19874c78a0c,synovial.bingo,available,51.98,68.98,medium,low,8,namecheap,,,11/09/2026 06:37
245377e8-3381-4ae0-91b5-58e5168002d9,deviate.bingo,available,14.99,77.99,high,low,7,name.com,,,
7d5ba310-980c-4352-9a21-70427213fac5,graciously.bingo,available,51.98,68.98,high,low,10,namecheap,,,14/09/2026 21:58
3370784c-f10e-45a3-aa4d-7bc430a1f585,labial.bingo,available,14.99,77.99,medium,low,6,name.com,,,22/08/2026 17:19
e4fb3690-9db2-40bb-8159-04604ecb8573,orderly.bingo,available,51.98,68.98,high,low,7,namecheap,,,03/09/2026 14:34
e70d8c35-139a-4eda-8183-8623f73fb157,nohow.bingo,available,51.98,68.98,low,low,5,namecheap,,,15/09/2026 16:44
31c37573-0edb-4d66-a333-fb1cc6a22944,tabular.bingo,available,51.98,68.98,high,low,7,namecheap,,,11/09/2026 06:55
2feb090e-a75a-45b7-9fa7-2f0ed3399281,daytime.bingo,available,14.99,,high,low,7,name.com,,,
b3951b89-e9a1-4637-a984-d733fe5bf88d,vanderbilt.bingo,available,53.99,53.99,high,low,10,namesilo,,,25/09/2026 04:24
9954dccb-3dd4-401d-bae8-ebd573d0bd10,tennyson.bingo,available,53.99,53.99,medium,low,8,namesilo,,,18/09/2026 06:38
075e4bbe-14c9-4892-8f6b-4776757bbd84,glibly.bingo,available,51.98,68.98,medium,low,6,namecheap,,,14/09/2026 21:34
6f62da14-a1f2-4676-9500-d16ad2a35530,mistrust.bingo,available,53.99,53.99,high,low,8,namesilo,,,24/09/2026 23:12
fc75e8fd-8c7d-45b7-aea4-260db436dc94,obedient.bingo,available,14.99,77.99,high,low,8,name.com,,,03/09/2026 23:30
ad5a75f9-595d-4732-887f-8a6cb911e7b1,alabama.bingo,available,14.99,,high,low,7,name.com,,,
d46308ca-2a73-48a0-a091-424d012e617e,nineties.bingo,available,53.99,53.99,medium,low,8,namesilo,,,16/09/2026 12:01
47423c14-3d22-456a-8618-5c13eb165d23,amused.bingo,available,14.99,77.99,high,low,6,name.com,,,
b5cab561-5c14-49d7-93fb-637ddeec76d6,binding.bingo,available,51.98,68.98,high,low,7,namecheap,,,22/09/2026 20:51
325c3bd4-64fd-4a63-a76e-c71f45e05c62,barber.bingo,available,14.99,,high,low,6,name.com,,,
84d52feb-983e-4c30-8dc6-990f809cd126,institution.bingo,available,53.99,53.99,high,low,11,namesilo,,,27/09/2026 08:25
4eae8554-52e3-44f6-ba0a-5bf18e55e5e3,lunchboxes.bingo,available,53.99,53.99,medium,low,10,namesilo,,,21/09/2026 09:13
80e0015f-03c1-46f3-babb-4157cd237953,untainted.bingo,available,51.98,68.98,medium,low,9,namecheap,,,10/09/2026 18:22
80681bb6-25fe-4902-a672-e7d9bbf59f2a,twisty.bingo,available,51.98,68.98,high,low,6,namecheap,,,11/09/2026 21:54
3cf4f0a0-1596-4f17-8ece-655f28a18cd7,rounder.bingo,available,14.99,77.99,medium,low,7,name.com,,,23/08/2026 00:51
bc325347-331d-4e68-94a9-541e0b59111c,stoolie.bingo,available,14.99,77.99,medium,low,7,name.com,,,11/08/2026 16:46
44437c79-af58-49be-9fe7-aa81fe360a68,bandoneon.bingo,available,53.99,53.99,medium,low,9,namesilo,,,22/09/2026 01:29
c993983e-ccee-4f84-af1b-2696abc17146,glimmery.bingo,available,14.99,77.99,medium,low,8,name.com,,,20/08/2026 14:28
3c5b5b98-d83c-4b88-9bf1-e4895e95f10d,bellbottom.bingo,available,14.99,77.99,low,low,10,name.com,,,09/08/2026 13:21
11e25bef-4aa7-4ad7-84fe-a5ed28f6d139,consumable.bingo,available,14.99,77.99,high,low,10,name.com,,,12/08/2026 23:04
9279359f-2702-421c-b9b8-76a482acf920,autarky.bingo,available,53.99,53.99,medium,low,7,namesilo,,,21/09/2026 05:04
b870df71-ce3a-4b0a-a43b-1edb630a8625,seafood.bingo,available,51.98,68.98,high,low,7,namecheap,,,08/09/2026 02:47
7acbd00d-4ad7-4d18-bca4-88c4d48ca399,acetate.bingo,available,51.98,68.98,high,low,7,namecheap,,,17/09/2026 00:03
4be8da2c-f2d1-401d-8b0a-a82f18a0cf97,exonerated.bingo,available,14.99,77.99,high,low,10,name.com,,,
87e49da3-a6eb-4fdf-961b-c8b78253f420,occupier.bingo,available,51.98,68.98,high,low,8,namecheap,,,09/09/2026 14:58
f8804a3c-44b4-4912-b87b-1e903f0b733b,heliacal.bingo,available,14.99,77.99,medium,low,8,name.com,,,21/08/2026 06:23
d3cbd4df-9400-43c9-87ad-a66a15d2c59a,batteries.bingo,available,42.64,42.64,medium,low,9,spaceship,,,27/09/2026 23:45
f8c3c6c6-a50b-4fa2-bbbd-4e13f6c47b1e,jackfruit.bingo,available,14.99,77.99,high,low,9,name.com,,,20/09/2026 11:58
0088c04c-c31a-4874-ad5a-32cb96b35300,particle.bingo,available,51.98,68.98,high,low,8,namecheap,,,24/09/2026 18:19
fa6d9467-b853-4c3a-a2b1-a597292cb2b4,hitting.bingo,available,53.99,53.99,high,low,7,namesilo,,,25/09/2026 07:22
3d61c3a9-686a-4aea-bfdf-ea78d2354e5e,forgotten.bingo,available,14.99,77.99,high,low,9,name.com,,,14/08/2026 12:18
8fa71328-5085-4c24-9fd6-ff91582d428e,expense.bingo,available,53.99,53.99,high,low,7,namesilo,,,24/09/2026 22:30
54acd1ad-990a-4818-b7a7-a1d813544ce6,adorer.bingo,available,53.99,53.99,medium,low,6,namesilo,,,17/09/2026 09:45
d93ddef5-77d6-4824-bbb2-bcbcb52aeb0c,civil.bingo,available,14.99,77.99,high,low,5,name.com,,,12/08/2026 09:03
4798ce99-3781-4fae-8208-8a5bbed118f0,integrate.bingo,available,53.99,53.99,high,low,9,namesilo,,,24/09/2026 06:03
0ea27b6c-c6b6-428e-a2da-f6abf017f007,papist.bingo,available,51.98,68.98,medium,low,6,namecheap,,,05/09/2026 01:35
647abcf4-d7fe-48e4-bcec-4dae7cb22056,wickedness.bingo,available,14.99,77.99,medium,low,10,name.com,,,17/08/2026 15:06
980da08d-32dc-4a13-846d-714351420050,publicly.bingo,available,14.99,,medium,low,8,name.com,,,
fe445282-1df1-46cd-ba68-6e99d7442bff,argal.bingo,available,53.99,53.99,medium,low,5,namesilo,,,20/09/2026 04:10
a98acc59-089e-46e7-aa87-ccd77192642e,tribute.bingo,available,14.99,,high,low,7,name.com,,,
6da67c21-633f-43c1-9875-71666fd2484d,confusion.bingo,available,14.99,,high,low,9,name.com,,,
d5352225-0a56-4c86-9638-fc393083c707,arrangement.bingo,available,42.64,42.64,high,low,11,spaceship,,,27/09/2026 21:23
8acd3c4e-b1c5-426e-a61b-7d96cb582cff,fuckster.bingo,available,14.99,,medium,low,8,name.com,,,
ac714a99-336b-46bc-821f-b237393038d3,reilly.bingo,available,53.99,53.99,high,low,6,namesilo,,,27/09/2026 02:49
53ed08b8-0a63-431d-acdd-b27972346b82,hacker.bingo,available,53.99,53.99,high,medium,6,namesilo,,,24/09/2026 20:44
7c862204-8483-41c9-b2c6-6c5848327f4d,skirt.bingo,available,14.99,,high,low,5,name.com,,,
8e1b031f-c7a1-4b8a-be14-9e7150fba437,anemometry.bingo,available,53.99,53.99,medium,low,10,namesilo,,,19/09/2026 05:18
9e7e1106-96d8-47e7-9c55-6098b5a27cb5,anu.bingo,available,53.99,53.99,high,low,3,namesilo,,,19/09/2026 15:50
d922fb32-7fe7-43c9-b508-2c0c01a3225c,unadvised.bingo,available,14.99,77.99,medium,low,9,name.com,,,21/08/2026 18:49
7e16cb0f-b784-4ba9-8849-8ad99af250c1,bumpy.bingo,available,14.99,77.99,medium,low,5,name.com,,,11/08/2026 09:48
cf6521eb-4455-420e-89d2-7bcbae689f91,parkin.bingo,available,53.99,53.99,medium,low,7,namesilo,,,17/09/2026 01:13
5cfad5e4-a36b-491c-bf58-01c103c72ac4,vocally.bingo,available,53.99,53.99,medium,low,7,namesilo,,,16/09/2026 11:07
aa7ef900-44b2-4a17-aaaf-4312508dc942,riveting.bingo,available,53.99,53.99,high,low,8,namesilo,,,21/09/2026 15:09
c5e7c3b3-6c58-4a6c-b3a6-e70890fa7b29,bitewing.bingo,available,51.98,68.98,medium,low,8,namecheap,,,23/09/2026 22:28
ee46bba0-104a-4570-af77-f15d66672b67,fulfilled.bingo,available,14.99,77.99,high,low,9,name.com,,,18/08/2026 17:51
e6ca76af-d039-4cb2-a9fe-01ea197f75e3,riders.bingo,available,53.99,53.99,high,low,6,namesilo,,,20/09/2026 01:20
9dc59b47-5609-4666-a9e8-63e4e8bf17b9,severity.bingo,available,51.98,68.98,medium,low,8,namecheap,,,20/09/2026 14:57
6644c862-0477-43b8-ad6a-f4e52cb95b7d,banish.bingo,available,53.99,53.99,medium,low,6,namesilo,,,24/09/2026 01:57
a0031834-1824-4fb7-8e2a-9147289e9e91,exergonic.bingo,available,14.99,77.99,medium,low,9,name.com,,,17/08/2026 17:06
12d76421-752b-4ba3-9e02-51475cd919b8,deformed.bingo,available,14.99,77.99,medium,low,8,name.com,,,13/08/2026 23:37
d87f9054-9025-4fe1-bc19-e587dbb712b1,legalise.bingo,available,14.99,77.99,high,low,8,name.com,,,22/08/2026 23:07
5dd4b7f7-78d6-472c-9719-3f4af878dd38,parametric.bingo,available,51.98,68.98,high,low,10,namecheap,,,08/09/2026 01:01
f0c9a2e7-c562-479c-9ea8-d12518faa0ed,disassemble.bingo,available,14.99,,medium,low,11,name.com,,,
970303ab-375a-48c9-aaf4-86bdc91fe94c,coin.bingo,resell,,,high,medium,4,Dynadot Inc,18/09/2018 09:27,18/09/2027 09:27,26/09/2026 05:06
279243b1-c468-412b-bf21-f4efee68b6a6,families.bingo,available,14.99,,medium,low,8,name.com,,,
15bb17e1-e5c5-4bfd-9d3b-43916de4387e,procure.bingo,available,51.98,68.98,high,low,7,namecheap,,,10/09/2026 01:32
0af7ceed-34ad-409c-9387-ff9bb96f1305,aspirator.bingo,available,53.99,53.99,medium,low,9,namesilo,,,20/09/2026 15:23
f9e027ad-16a6-4e67-814f-e968c181d0b1,dental.bingo,available,53.99,53.99,high,low,6,namesilo,,,22/09/2026 02:57
8a3f8432-b208-46b9-a04f-85dcc74ac61c,apophatic.bingo,available,14.99,77.99,medium,low,9,name.com,,,06/08/2026 02:27
83452118-0ace-4732-a646-b988e689fa4d,programmes.bingo,available,51.98,68.98,medium,low,10,namecheap,,,20/09/2026 10:20
288276f3-7ba9-434b-a114-6a9489f81856,acanthurus.bingo,available,,,medium,low,10,,,,16/09/2026 20:58
4569689d-1c0b-4a49-92e2-01dd1e00c459,houses.bingo,available,51.98,68.98,high,low,6,namecheap,,,17/09/2026 21:10
f117f01b-87df-4a51-ba75-cac67f406dd0,saving.bingo,available,42.64,42.64,high,low,6,spaceship,,,27/09/2026 18:08
b1cdeb97-d8f0-4876-a03e-afca8ffc3cd0,urban.bingo,available,14.99,,high,low,5,name.com,,,
54cbeb82-523b-4176-8185-10b397b6215d,remained.bingo,available,51.98,68.98,medium,low,8,namecheap,,,18/09/2026 11:23
5001ef7d-776e-474e-b70e-04235e23c906,confirmed.bingo,available,51.98,68.98,high,low,9,namecheap,,,23/09/2026 19:53
a457cf20-cc8a-452c-b84c-37acea9cc83a,interred.bingo,available,14.99,77.99,medium,low,8,name.com,,,11/08/2026 10:36
40bfec48-3c48-4e56-976c-0a81805e8525,godlike.bingo,available,14.99,77.99,high,low,7,name.com,,,20/08/2026 16:06
c753a831-13ab-4028-9422-00639ca50ab5,dank.bingo,available,14.99,77.99,high,low,4,name.com,,,12/08/2026 09:24
3e7b08c3-e4a8-40d3-bc0d-6d7361f64e09,isoclinic.bingo,available,14.99,77.99,medium,low,9,name.com,,,22/08/2026 11:02
51d9b962-f9eb-447e-8ed6-f194441651eb,proclaim.bingo,available,14.99,,high,low,8,name.com,,,
dc6a7df9-fe44-43de-b7ee-35340293cce6,asteroid.bingo,available,53.99,53.99,high,low,8,namesilo,,,22/09/2026 10:17
0f60787a-67f4-4b2f-8d77-7dfd678aa59d,abhorrent.bingo,available,51.98,68.98,medium,low,9,namecheap,,,21/09/2026 13:49
336a9c59-3374-47ae-8cbd-1a16c6eb2f0f,rolled.bingo,available,14.99,77.99,high,low,6,name.com,,,18/08/2026 18:46
b8a5e2a0-ade4-4d7a-9996-6cc985097a9e,lento.bingo,available,14.99,77.99,medium,low,5,name.com,,,22/08/2026 23:53
70d11df7-6873-4130-917d-36c7c9f5f9ac,archaic.bingo,available,14.99,77.99,high,low,7,name.com,,,
aadf5702-3217-4500-9adf-2a9d138a550d,agaric.bingo,available,53.99,53.99,medium,low,6,namesilo,,,17/09/2026 16:17
57a21b57-6a6b-4841-9308-a71fd4818067,cook.bingo,available,51.98,68.98,high,low,4,namecheap,,,27/09/2026 10:07
22bb11a2-acd4-459e-bcb9-d85b25165741,mcgill.bingo,available,53.99,53.99,high,low,6,namesilo,,,25/09/2026 15:23
81a2263d-fc7d-4199-b805-6e1a0b6515dd,venter.bingo,available,53.99,53.99,medium,low,6,namesilo,,,16/09/2026 14:46
a49483ce-2af1-4d7a-99d5-5846cc846dae,symphonic.bingo,available,51.98,68.98,high,low,9,namecheap,,,11/09/2026 06:07
ee0690d4-ccb3-4b20-88b3-2942ff56227d,dimorphic.bingo,available,14.99,77.99,medium,low,9,name.com,,,14/08/2026 08:09
128c47dd-0fb0-4ec8-8911-4cf99dd22990,birdhouse.bingo,available,14.99,77.99,high,low,9,name.com,,,23/09/2026 20:39
14af74f5-dad9-410d-bd69-600dcf11538f,enclosed.bingo,available,14.99,77.99,high,low,8,name.com,,,16/08/2026 22:21
c192f103-5203-4f3e-8d50-12c1095a1c34,nun.bingo,available,14.99,,high,low,3,name.com,,,
b728a4e3-d604-41e3-aa0e-9a65c0eae9de,penny.bingo,available,14.99,,high,low,5,name.com,,,
cc28d436-67de-4dcf-bfd5-2f738baa0dc1,discussion.bingo,available,14.99,,high,low,10,name.com,,,
38c2913a-0a66-4128-945c-eefc62209d4b,angry.bingo,available,14.99,77.99,high,low,5,name.com,,,
71c07476-ba2a-445c-b65a-bcb513de2a83,leaded.bingo,available,14.99,77.99,medium,low,6,name.com,,,22/08/2026 21:42
0f264a1f-0d61-4649-94f0-34e071934300,apadana.bingo,available,53.99,53.99,medium,low,7,namesilo,,,19/09/2026 16:10
fe23223b-bfa2-46a1-a190-18764f2f0008,postiche.bingo,available,14.99,77.99,medium,low,8,name.com,,,17/08/2026 21:22
e1b74e66-d9ea-4363-a91c-07bb40e79cda,chance.bingo,available,53.99,53.99,high,low,6,namesilo,,,23/09/2026 13:44
e3cde31e-c163-4112-b1ca-4567afa1cc5b,operable.bingo,available,51.98,68.98,medium,low,8,namecheap,,,04/09/2026 16:20
aa2f4d95-1aaa-4492-bdf6-ab62a261c5b1,deciding.bingo,available,14.99,77.99,high,low,8,name.com,,,13/08/2026 21:23
943b71d9-42bf-4744-a026-c7f54a6fb418,tungsten.bingo,available,53.99,53.99,high,low,8,namesilo,,,20/09/2026 23:43
038bc626-db02-4066-ac52-aa2134511cc1,healthier.bingo,available,51.98,68.98,high,low,9,namecheap,,,24/09/2026 19:03
442b1c47-9333-44e5-8b76-d2d9d92047b9,undergraduate.bingo,available,14.99,,medium,low,13,name.com,,,
107b174d-9c4d-4c99-ba5b-75562f37a211,edgy.bingo,available,14.99,77.99,high,low,4,name.com,,,15/08/2026 08:39
88583181-6016-4c5d-a0a6-152fb1e9406d,chairperson.bingo,available,14.99,,high,low,11,name.com,,,
57faaab6-c1ef-452a-852c-5a82f775e912,donation.bingo,available,14.99,,high,low,8,name.com,,,
cc3da717-72b7-4803-9637-033432f0dccf,costume.bingo,available,51.98,68.98,high,low,7,namecheap,,,24/09/2026 18:31
aae81c85-326f-4804-94d4-a0be70e7b545,blueberries.bingo,available,53.99,53.99,high,low,11,namesilo,,,17/09/2026 17:28
fb1f6e2f-81ae-422b-920c-14a266e421ff,aortic.bingo,available,14.99,77.99,medium,low,6,name.com,,,05/08/2026 21:54
d58e84a8-84ab-4d78-b961-51b884a221cc,champlain.bingo,available,42.64,42.64,medium,low,9,spaceship,,,28/09/2026 01:38
75480427-143f-4c54-98b0-1aea8e96e7e0,knocked.bingo,available,53.99,53.99,low,low,7,namesilo,,,25/09/2026 18:45
7bffac65-2012-4307-bdc7-f42caf8c8114,coalesced.bingo,available,14.99,77.99,medium,low,9,name.com,,,
593b2cd7-fa32-4c0e-bce4-f89c2e065f90,noise.bingo,available,14.99,,high,low,5,name.com,,,
a2b55576-9de2-4523-96da-92fffc68e4ec,lucifugous.bingo,available,14.99,77.99,low,low,10,name.com,,,24/08/2026 10:55
39ba4a62-85b5-4b39-bfdf-22cbab21a8dc,spf.bingo,available,53.99,53.99,high,low,3,namesilo,,,25/09/2026 17:19
25a32080-045b-4972-ae06-d0c7f64f319b,locke.bingo,available,53.99,53.99,high,low,5,namesilo,,,25/09/2026 08:02
d3dccc47-65cc-41fc-82b6-7b924231be8a,residual.bingo,available,51.98,68.98,high,low,8,namecheap,,,09/09/2026 14:59
95d3445b-4918-4fd4-8dbb-9d0156ae23d9,buttocks.bingo,available,14.99,77.99,medium,low,8,name.com,,,09/08/2026 10:25
12ae9b7e-db03-4bf0-9686-33a55adf9fb9,exterior.bingo,available,14.99,77.99,high,low,8,name.com,,,17/08/2026 19:05
5f1da93f-bfb6-4623-85ed-066509b6db42,spoilt.bingo,available,14.99,77.99,medium,low,6,name.com,,,10/08/2026 14:19
e989fc76-ba7b-493b-97eb-6ad934f3ee18,sheila.bingo,available,53.99,53.99,high,low,6,namesilo,,,27/09/2026 17:05
9f0bef0d-94a7-4e4b-b99b-f2cb8b0c1175,fabric.bingo,available,53.99,53.99,high,low,6,namesilo,,,25/09/2026 05:01
40000662-a570-4b27-9bdb-7ba7a496d17f,zombies.bingo,available,53.99,53.99,medium,low,7,namesilo,,,18/09/2026 03:58
75c1bf35-f7cb-4169-b49c-d2d7f3e25a65,income.bingo,available,14.99,,high,low,6,name.com,,,
f65a948d-c6fc-4b21-9bf1-be5064d2b2d7,heels.bingo,available,53.99,53.99,high,low,5,namesilo,,,27/09/2026 10:19
cbf49dd8-2569-4bc0-a775-c27011e608d7,idealized.bingo,available,14.99,77.99,high,low,9,name.com,,,21/08/2026 17:58
70d9b57f-c697-44b4-a77f-8d7f76105acb,belief.bingo,available,53.99,53.99,high,low,6,namesilo,,,23/09/2026 05:12
077ea524-554c-4f79-90f9-54b2323b0eeb,grandmother.bingo,available,14.99,,high,low,11,name.com,,,
620fb0c3-9ecb-4116-937f-67b52e43b9e7,arity.bingo,available,53.99,53.99,medium,low,5,namesilo,,,20/09/2026 06:02
b97d8617-0256-4601-a442-5b51a0e87428,auriferous.bingo,available,53.99,53.99,medium,low,10,namesilo,,,22/09/2026 13:02
1e3143ac-bd3f-454a-a1f6-fae886570d75,finical.bingo,available,14.99,77.99,medium,low,7,name.com,,,18/08/2026 04:56
765c3cdc-7563-4b36-b05f-2623fbf2bfb4,bedroom.bingo,available,51.98,68.98,high,low,7,namecheap,,,22/09/2026 23:08
7584fce0-5123-4225-a098-b1d2d2527a80,endergonic.bingo,available,14.99,77.99,medium,low,10,name.com,,,17/08/2026 00:55
03a01caa-39d1-4b96-91ce-7f19087a0f12,washup.bingo,available,53.99,53.99,medium,low,6,namesilo,,,24/09/2026 22:42
9a9cb80a-d53b-4868-8520-eb9c45bbd9de,nauseous.bingo,available,14.99,77.99,medium,low,8,name.com,,,24/08/2026 08:24
b8179c20-a4ee-401a-911c-88e3f49205f1,desiccated.bingo,available,14.99,77.99,medium,low,10,name.com,,,14/08/2026 03:33
c4f18fab-8331-4fff-a946-5edf30b49254,divine.bingo,available,14.99,77.99,high,low,6,name.com,,,
c898d256-15dd-4fab-a681-7f429c2f0784,fiscally.bingo,available,51.98,68.98,medium,low,8,namecheap,,,14/09/2026 18:37
647d96ab-4e9a-4590-8f28-0e50367e2f24,lambent.bingo,available,14.99,77.99,medium,low,7,name.com,,,
6a17baf9-9c8b-4288-9ca7-e5a364979f39,graph.bingo,available,14.99,,high,low,5,name.com,,,
0c2a0066-301a-4c86-9599-9327d760fe62,prosthetic.bingo,available,51.98,68.98,high,low,10,namecheap,,,09/09/2026 03:55
858b634b-19f9-4827-b3d1-d2e66107394e,unhallowed.bingo,available,51.98,68.98,medium,low,10,namecheap,,,12/09/2026 11:49
924b8bdf-c65a-4416-87e4-6958a7fe4212,junky.bingo,available,53.99,53.99,medium,low,5,namesilo,,,17/09/2026 06:52
e4d5e2a8-b882-4ff8-8938-6c04655c3bff,cuisine.bingo,available,53.99,53.99,high,low,7,namesilo,,,25/09/2026 03:44
4400de22-a324-4e8a-9b37-4be8e9d12a93,unquiet.bingo,available,51.98,68.98,medium,low,7,namecheap,,,12/09/2026 17:40
605d62ec-21df-4e05-8500-6cf19837254b,anonym.bingo,available,53.99,53.99,medium,low,6,namesilo,,,19/09/2026 11:37
2df300fd-f108-4505-9d4f-b65e7d9a29db,numerable.bingo,available,14.99,77.99,medium,low,9,name.com,,,13/08/2026 03:32
c9ae5805-466a-4804-acc1-1f05bd2e5e33,bewilder.bingo,available,53.99,53.99,high,low,8,namesilo,,,21/09/2026 17:30
a8ac6d6b-e689-4f22-9ef5-248cef23885d,sheraton.bingo,available,,,high,high,8,,,,
d0c03c80-fc98-4658-a73f-8671a274b18b,unshapen.bingo,available,51.98,68.98,medium,low,8,namecheap,,,12/09/2026 19:33
f5a3750a-8cb7-4e63-8dd6-1d5138dc7463,cytotoxic.bingo,available,14.99,77.99,medium,low,9,name.com,,,13/08/2026 14:44
fc79cffe-e55a-4381-ab9a-e652cbdfefd7,soil.bingo,available,51.98,68.98,high,low,4,namecheap,,,24/09/2026 02:55
76390130-a4bb-47b6-aa42-561204d3dc7d,airily.bingo,available,51.98,68.98,medium,low,6,namecheap,,,13/09/2026 18:31
829cb926-da60-42ae-a3ae-c69281538b45,visited.bingo,available,14.99,,high,low,7,name.com,,,
02920770-18f3-4f9c-b021-196f400ff29b,surviving.bingo,available,51.98,68.98,high,low,9,namecheap,,,11/09/2026 04:49
9f84c85f-f3f4-44d4-badf-463763aa5758,cannabis.bingo,available,,,high,medium,8,,,,
8f056a4c-c077-4950-b56f-f22c52e606f2,screechy.bingo,available,51.98,68.98,medium,low,8,namecheap,,,10/09/2026 00:01
73e87611-923f-4e32-939e-b123c4bb4768,systems.bingo,available,53.99,53.99,medium,low,7,namesilo,,,27/09/2026 02:29
249f3061-e31e-4d3a-aa50-af73e5c1ee41,freak.bingo,available,53.99,53.99,high,low,5,namesilo,,,17/09/2026 06:50
4015dd3e-63ed-46d8-905d-78efe7fa716c,pedantic.bingo,available,14.99,77.99,medium,low,8,name.com,,,14/08/2026 15:55
3f528264-9654-41af-b125-de27caae1eba,btu.bingo,available,53.99,53.99,high,low,3,namesilo,,,21/09/2026 11:58
f2ef952d-bc85-40a3-9c52-aa5d64eb7ee8,agrologic.bingo,available,14.99,77.99,medium,low,9,name.com,,,
4fb30e86-dc70-4671-8235-9fb17a12eb25,topic.bingo,available,42.64,42.64,high,low,5,spaceship,,,28/09/2026 01:44
0b78072f-b44d-4efb-b161-e76904910f42,gravel.bingo,available,51.98,68.98,high,low,6,namecheap,,,21/09/2026 17:36
eb61cbd1-e1de-4cb1-87f7-c26fdf87de8a,beau.bingo,available,14.99,77.99,high,low,4,name.com,,,13/08/2026 17:13
965bc057-a35b-4399-88e4-220bb2650b8a,sculptured.bingo,available,14.99,77.99,high,low,10,name.com,,,20/08/2026 18:52
55ffd950-e112-4113-a296-8e0981ec37a0,omissive.bingo,available,51.98,68.98,medium,low,8,namecheap,,,04/09/2026 02:28
bb7973ea-0dda-4a8e-a2f1-7205b3c8a4a9,ones.bingo,available,14.99,,high,low,4,name.com,,,
d27089db-b242-4a99-8022-96f71d1bf55a,bounder.bingo,available,51.98,68.98,medium,low,7,namecheap,,,24/09/2026 02:20
24300450-56de-4999-91c4-c2a6ba10432d,abode.bingo,available,53.99,53.99,high,low,5,namesilo,,,16/09/2026 16:25
8ad956c6-8afc-49e7-8d87-e03571d05155,penultima.bingo,available,51.98,68.98,medium,low,9,namecheap,,,08/09/2026 15:14
4cdadb3b-b109-4dc2-a502-eecf7759bc05,boldly.bingo,available,51.98,68.98,high,low,6,namecheap,,,14/09/2026 00:53
2fcd3d5b-fe89-470f-9351-fa7ddf1a02f2,highway.bingo,available,14.99,,high,low,7,name.com,,,
26184131-fd88-458d-ae4d-e67f890b7b81,parhelic.bingo,available,51.98,68.98,medium,low,8,namecheap,,,08/09/2026 01:31
6261e547-1c20-46a0-bf3d-3ab77659b21a,paranoiac.bingo,available,51.98,68.98,medium,low,9,namecheap,,,08/09/2026 01:08
3f2a33bc-f454-4fdf-98f2-0ffb07e33ae3,deng.bingo,available,53.99,53.99,high,low,4,namesilo,,,27/09/2026 20:32
53fbc314-8deb-409f-97ac-c8d4b68cfbec,underived.bingo,available,51.98,68.98,medium,low,9,namecheap,,,12/09/2026 07:29
387723e2-b936-4e18-bb1e-402ce6722346,suppose.bingo,available,14.99,,high,low,7,name.com,,,
9563912e-343d-4e24-8486-2e7cee477181,gumptious.bingo,available,14.99,77.99,medium,low,9,name.com,,,20/08/2026 20:57
9da36f11-2912-4488-a950-a64d11069850,unfamiliar.bingo,available,51.98,68.98,high,low,10,namecheap,,,12/09/2026 09:55
ea82dfe4-ca45-4644-9150-b1d614da8e09,eurasian.bingo,available,14.99,77.99,high,low,8,name.com,,,17/08/2026 14:26
6d362674-31b5-49ac-846f-dbeda15d817a,jaguars.bingo,available,53.99,53.99,medium,low,7,namesilo,,,20/09/2026 09:28
39c806dc-632f-4e00-a063-339d02223481,cowpea.bingo,available,53.99,53.99,medium,low,6,namesilo,,,23/09/2026 23:43
4f50f5d3-bd36-4384-8f13-b65c15f1d699,vanished.bingo,available,51.98,68.98,medium,low,8,namecheap,,,13/09/2026 01:09
94d2bafa-48fc-4fda-a887-7f09bab26256,cupping.bingo,available,51.98,68.98,high,low,7,namecheap,,,24/09/2026 20:18
ac660f61-f7a6-43d6-9e3f-08311c56cea9,libyan.bingo,available,14.99,77.99,high,low,6,name.com,,,23/08/2026 00:54
f9d2cc6c-21a8-4583-a4da-afe4d9bdd498,externally.bingo,available,51.98,68.98,medium,low,10,namecheap,,,14/09/2026 17:11
d8c454ab-b852-41e0-8770-b65c9544794f,hungarian.bingo,available,14.99,77.99,high,low,9,name.com,,,21/08/2026 15:39
57175ea3-a26e-4e1a-a15d-8e9ad1337511,insane.bingo,available,14.99,77.99,medium,low,6,name.com,,,21/08/2026 00:58
b4280d06-2c25-46fa-9637-67467021580e,skepticism.bingo,available,53.99,53.99,medium,low,10,namesilo,,,24/09/2026 22:29
54b882d2-d58d-4765-893f-c64a4cc274e0,abundantly.bingo,available,14.99,,high,low,10,name.com,,,
e66541d7-30ed-4972-a217-57705604a09e,vinous.bingo,available,51.98,68.98,medium,low,6,namecheap,,,13/09/2026 05:47
35c00d24-bcd0-43c3-8a76-12833f6f0421,aplomb.bingo,available,51.98,68.98,high,low,6,namecheap,,,19/09/2026 17:47
82863592-6cb4-4654-9397-39054e09ae72,carambola.bingo,available,53.99,53.99,medium,low,9,namesilo,,,21/09/2026 09:14
2499a8f8-16b1-4e13-9546-a315165419e6,rained.bingo,available,53.99,53.99,medium,low,6,namesilo,,,20/09/2026 05:42
942621b4-f8ac-4556-a7ec-b9ef463b6392,talks.bingo,available,14.99,,high,low,5,name.com,,,
7fa98360-87e6-4585-9d60-fd59d9aec72e,varied.bingo,available,14.99,,high,low,6,name.com,,,
4de83d10-d2c0-4496-9e75-794de29e6827,frostbite.bingo,available,51.98,68.98,high,low,9,namecheap,,,24/09/2026 19:56
3691cde6-34be-4abd-8707-8374e249bcbc,clinics.bingo,available,51.98,68.98,medium,low,7,namecheap,,,20/09/2026 12:34
1b3ac848-f7b7-4dc7-93fa-e125817677f6,runproof.bingo,available,14.99,77.99,medium,low,8,name.com,,,22/08/2026 18:28
93185f0f-32fd-4b4d-a52f-213dc8d35462,combined.bingo,available,14.99,77.99,high,low,8,name.com,,,12/08/2026 18:36
416d60f7-2a6c-42af-af57-f99b61138e37,blowy.bingo,available,14.99,77.99,medium,low,5,name.com,,,10/08/2026 15:47
5c0a73c3-0886-4b67-a9c6-e639de0c312f,matter.bingo,available,14.99,,high,low,6,name.com,,,
42fba28d-3609-4cca-ade8-1982a44ee765,meagre.bingo,available,14.99,77.99,medium,low,6,name.com,,,24/08/2026 18:04
d39eb951-ab9a-412a-bbf3-adcdf0907879,shuha.bingo,available,51.98,68.98,medium,low,5,namecheap,,,10/09/2026 07:04
e918156c-992a-407e-a6a9-b3f5c69d065b,bradley.bingo,available,14.99,77.99,high,low,7,name.com,,,25/09/2026 02:09
bf53108d-5552-4cc8-848b-784d628a7c0e,proven.bingo,available,51.98,68.98,high,low,6,namecheap,,,27/09/2026 08:25
7b17196d-aaab-42ff-8ceb-0a69b6c962db,auditor.bingo,available,53.99,53.99,high,low,7,namesilo,,,21/09/2026 01:32
b0ed20bf-5523-4b38-b5d9-eb9c2c9a9364,paddlefish.bingo,available,14.99,77.99,medium,low,10,name.com,,,14/08/2026 20:48
f0f12c2f-7210-4d10-8228-afc460133687,fellow.bingo,available,53.99,53.99,high,low,6,namesilo,,,22/09/2026 21:55
e331854d-a9ef-44fa-b018-b6d25cd3a2e7,apnoeic.bingo,available,14.99,77.99,medium,low,7,name.com,,,06/08/2026 00:46
d7553faf-21d1-477f-8fe0-fe9013b7801d,barron.bingo,available,51.98,68.98,high,low,6,namecheap,,,27/09/2026 08:02
14375f39-1e7f-40ab-8c69-9b6d2c6a6cbc,gina.bingo,available,8.24,44.09,high,low,4,dynadot,,,27/09/2026 17:32
781509e3-ce2e-4c9b-b60e-d9e87a35ff95,overage.bingo,available,51.98,68.98,medium,low,7,namecheap,,,04/09/2026 19:59
3784d14a-b6a1-411f-8d33-233b64fe603c,bellarmine.bingo,available,53.99,53.99,medium,low,10,namesilo,,,23/09/2026 05:54
9642414b-f1b1-4c2e-8432-92c997500058,cancer.bingo,available,14.99,,high,low,6,name.com,,,
f3eb1d3a-1dab-4a4a-9ec6-f56f05b7b3f3,orchis.bingo,available,53.99,53.99,medium,low,6,namesilo,,,21/09/2026 23:07
981f83b1-49fa-4206-8987-400acd6a5f34,arsenide.bingo,available,51.98,68.98,medium,low,8,namecheap,,,20/09/2026 09:41
740f3b37-e3cb-4f4b-beda-67e49bd7e5c3,afresh.bingo,available,51.98,68.98,medium,low,6,namecheap,,,13/09/2026 18:01
0ae22b66-93c0-4605-b513-0ef7a618955d,woody.bingo,available,14.99,77.99,high,low,5,name.com,,,06/08/2026 13:08
e2192ed7-57fa-4d05-a674-f7bccba08a28,beatniks.bingo,available,51.98,68.98,medium,low,8,namecheap,,,22/09/2026 21:34
26825fd7-40cd-484f-8b32-11170927c9c9,obligation.bingo,available,14.99,77.99,high,low,10,name.com,,,24/09/2026 13:40
993a955b-180d-4444-b63d-f10b2fc1a73c,unsparing.bingo,available,14.99,77.99,medium,low,9,name.com,,,22/08/2026 21:11
004536a4-748d-4ade-be8a-d78a6bd3942b,robotics.bingo,available,53.99,53.99,high,low,8,namesilo,,,23/09/2026 09:20
7f26a2cd-1f7b-469c-a2cf-cdcfc2c0945c,sneeze.bingo,available,14.99,,medium,low,6,name.com,,,
9df45b59-0b4d-40fa-bb6b-6ba5e1e73a67,tomboy.bingo,available,14.99,,high,low,7,name.com,,,
af093d9a-e68f-4bcb-a3c7-8a5cbe543093,walden.bingo,available,53.99,53.99,medium,low,6,namesilo,,,27/09/2026 08:12
7e94e871-a780-4d2c-adc7-2c52d6943bc0,sneaky.bingo,available,14.99,77.99,high,low,6,name.com,,,18/08/2026 18:58
7465aaad-2cd2-4602-ab5e-87c5989eaa42,eighth.bingo,available,14.99,77.99,high,low,6,name.com,,,
1e8ef4f9-8a1e-493d-b12f-9ba685e7e18e,annona.bingo,available,53.99,53.99,medium,low,6,namesilo,,,19/09/2026 10:30
4db9059a-f117-4462-adab-7edc88d59044,flattened.bingo,available,14.99,77.99,medium,low,9,name.com,,,18/08/2026 06:55
1c8dbffd-e64e-419c-956d-520dcfa8696b,undeniable.bingo,available,14.99,77.99,high,low,10,name.com,,,12/09/2026 07:15
50708134-1acc-43d1-b321-783146b09c29,tined.bingo,available,51.98,68.98,medium,low,5,namecheap,,,09/09/2026 03:20
16bd530f-613d-4dab-8a9e-97dc94591829,condemn.bingo,available,14.99,,medium,low,7,name.com,,,
89fdef88-c79d-4468-8431-ceac250aca15,failed.bingo,available,14.99,,medium,low,6,name.com,,,
4025aec5-7568-473b-b003-25a35e0d21b2,seemed.bingo,available,51.98,68.98,medium,low,6,namecheap,,,18/09/2026 01:00
0f111c03-f5a8-4934-902c-7a0a549c1bb6,tiptoe.bingo,available,51.98,68.98,medium,low,6,namecheap,,,11/09/2026 16:21
a722b0bf-f15a-4016-bb6e-217a5c60c90c,formed.bingo,available,14.99,77.99,high,low,6,name.com,,,18/08/2026 12:09
1fb0d900-2faf-4c5b-83c5-e195bf026afc,din.bingo,available,14.99,77.99,medium,low,3,name.com,,,10/08/2026 13:17
0047913a-a47d-462a-bae6-38bf3b2b4978,surfbird.bingo,available,53.99,53.99,medium,low,8,namesilo,,,19/09/2026 17:13
47847ee0-9289-45d7-8824-53b262c55a0c,employees.bingo,available,51.98,68.98,medium,low,9,namecheap,,,27/09/2026 02:50
0b230e15-3807-4967-ab2c-0436dd21c5f2,reflection.bingo,available,53.99,53.99,high,low,10,namesilo,,,25/09/2026 22:24
5d47a352-1350-4f08-9862-cda9bdd27743,aureole.bingo,available,53.99,53.99,high,low,7,namesilo,,,21/09/2026 04:18
13bcf3ad-101b-4062-b676-256b6cb503af,canasta.bingo,available,53.99,53.99,high,low,7,namesilo,,,22/09/2026 11:16
8194f791-917a-4bf9-955d-6f76eb328335,bungalow.bingo,available,53.99,53.99,high,low,8,namesilo,,,24/09/2026 11:15
d5a8a7be-d105-4091-a6c0-1e0832dc0a5e,subscribe.bingo,available,14.99,77.99,high,low,9,name.com,,,27/09/2026 22:05
79ab4863-3639-459b-b441-cbf0dbd0829a,rarely.bingo,available,14.99,77.99,medium,low,6,name.com,,,15/09/2026 22:32
ddf64656-761a-456e-80dd-509ccb77a04c,wintery.bingo,available,51.98,68.98,medium,low,7,namecheap,,,13/09/2026 12:39
cf6e533d-ce6b-4e26-9554-dbcce93589fb,attic.bingo,available,14.99,77.99,high,low,5,name.com,,,07/08/2026 15:46
ed69d471-4b1a-4203-afb5-e602d3d55cad,winless.bingo,available,51.98,68.98,high,low,7,namecheap,,,13/09/2026 12:35
9acaee4a-bf91-4159-a153-c56640462f9c,propulsive.bingo,available,14.99,77.99,high,low,10,name.com,,,09/09/2026 03:32
5523aa2c-f72c-46f7-9f2b-4368a244f697,parotid.bingo,available,51.98,68.98,medium,low,7,namecheap,,,08/09/2026 01:50
dbf71104-9732-4070-a845-b0f075b9aace,winthrop.bingo,available,53.99,53.99,high,low,8,namesilo,,,27/09/2026 19:50
6d7dd8d2-18c8-437f-add1-107c1617f91c,exam.bingo,available,53.99,53.99,high,low,4,namesilo,,,27/09/2026 03:51
5fc014ae-cc86-44cf-8044-a17769fb5e01,begging.bingo,available,53.99,53.99,medium,low,7,namesilo,,,23/09/2026 02:16
f5f556e2-ea47-4fba-918f-8012a5f33b70,footballers.bingo,available,51.98,68.98,high,low,11,namecheap,,,20/09/2026 13:07
81364e1b-63f3-4630-b87f-1955cbb65d09,dispersion.bingo,available,53.99,53.99,high,low,10,namesilo,,,24/09/2026 22:57
991023a2-c464-4690-9c90-e6e594263ebe,latakia.bingo,available,51.98,68.98,medium,low,7,namecheap,,,18/09/2026 01:28
cb6c2242-476a-4048-84c3-beffce9a56b5,sweetish.bingo,available,51.98,68.98,medium,low,8,namecheap,,,11/09/2026 05:36
dcb1074a-cc19-4828-95cd-11979498285b,linda.bingo,available,53.99,53.99,high,low,5,namesilo,,,25/09/2026 14:03
9434b0ea-5046-4a50-8898-8c969f0acbcf,coruscant.bingo,available,14.99,77.99,medium,low,9,name.com,,,
0e0e2321-7e3f-4215-9f06-4813af8597a0,blower.bingo,available,14.99,77.99,medium,low,6,name.com,,,12/08/2026 01:06
48b8ce49-4b71-410a-874a-d7695215b768,stimulus.bingo,available,51.98,68.98,high,low,8,namecheap,,,10/09/2026 20:39
21a7e3e2-667c-4520-bc06-785f3ba0fbd8,milled.bingo,available,14.99,77.99,medium,low,6,name.com,,,24/08/2026 23:08
87a50105-b6ea-44ab-b7ed-97eec40cc152,wagering.bingo,available,53.99,53.99,high,low,8,namesilo,,,25/09/2026 02:56
c0a72253-b570-4da6-9dc0-7b586cf2f621,enemies.bingo,available,51.98,68.98,medium,low,7,namecheap,,,25/09/2026 17:51
e7f26866-b757-4870-9462-0b634a48bd14,claim.bingo,available,14.99,,high,low,5,name.com,,,
1675d291-fef9-474d-8738-1920aa39019c,honeybee.bingo,available,53.99,53.99,high,low,8,namesilo,,,19/09/2026 17:30
1c3475e2-a920-4133-be3b-f5a54c9d5db0,blastema.bingo,available,53.99,53.99,medium,low,8,namesilo,,,24/09/2026 04:21
eaaebdcd-4ba5-4a60-8aed-28ff690d4250,imperfect.bingo,available,14.99,77.99,high,low,9,name.com,,,21/08/2026 22:10
0075934c-d32e-4c83-b2ce-4d6dbe771603,toughened.bingo,available,51.98,68.98,medium,low,9,namecheap,,,11/09/2026 10:54
d8876e55-6589-4958-8da7-b714e7b79ef6,faddy.bingo,available,14.99,77.99,medium,low,5,name.com,,,17/08/2026 20:35
6140ebf6-e58c-4cea-9ec4-d281714701f7,included.bingo,available,14.99,77.99,high,low,8,name.com,,,22/08/2026 01:33
0c5cc2ce-5ee0-47cd-83e3-d10ec264a051,amicably.bingo,available,51.98,68.98,medium,low,8,namecheap,,,13/09/2026 19:29
279bc3a3-74a4-42e4-b73e-07f41d49ed26,bevel.bingo,available,51.98,68.98,medium,low,5,namecheap,,,23/09/2026 11:58
8538c521-a06d-44e8-a015-c2fae94c3ff8,sills.bingo,available,51.98,68.98,high,low,5,namecheap,,,23/09/2026 06:04
58451fd3-3209-4741-8a6d-51f326830c44,butch.bingo,available,14.99,77.99,medium,low,5,name.com,,,11/08/2026 11:29
a604d910-bdf6-4efa-8fc6-d6415aae11d4,inimical.bingo,available,14.99,77.99,medium,low,8,name.com,,,22/08/2026 05:20
acf76621-c267-4dd5-ba76-8bc6067c11b9,splurge.bingo,available,53.99,53.99,high,low,7,namesilo,,,23/09/2026 17:20
a3a27dbe-7b80-4bc2-81c7-a1a83d169c79,defective.bingo,available,14.99,77.99,medium,low,9,name.com,,,13/08/2026 23:06
41e6396f-b331-4e87-bab2-621b372e7d82,affliction.bingo,available,51.98,68.98,medium,low,10,namecheap,,,17/09/2026 14:39
b1c20279-3c7a-4690-b559-0c292b620753,pancreas.bingo,available,14.99,,high,low,8,name.com,,,
5920131a-618a-4e8a-8b78-18a7707c37c5,hostess.bingo,available,53.99,53.99,high,low,7,namesilo,,,17/09/2026 22:27
2b8e2ce7-2040-4348-a7ba-a19daaa5b549,apical.bingo,available,14.99,77.99,medium,low,6,name.com,,,05/08/2026 23:58
ef02f523-5c3d-4a51-96bd-4a10a1d342b2,missional.bingo,available,14.99,77.99,medium,low,9,name.com,,,25/08/2026 01:50
3eb075c0-5828-492e-ae47-4c79fb705665,gently.bingo,available,14.99,,high,low,6,name.com,,,
2e061dc3-3afe-4a0d-9d84-9d87bddb4484,workings.bingo,available,14.99,,high,low,8,name.com,,,
f86142ae-8fcf-403d-9152-ee31d7d04174,liquefied.bingo,available,14.99,77.99,medium,low,9,name.com,,,23/08/2026 22:01
33c8aede-ab8e-4f2d-b019-9079ef18ebaa,manage.bingo,available,53.99,53.99,high,medium,6,namesilo,,,23/09/2026 08:43
4553aada-1142-4517-949b-11ef5f4a06f1,afraid.bingo,available,53.99,53.99,high,low,6,namesilo,,,26/09/2026 00:46
84b736a5-1d1d-42a4-ad53-a702efbe2c25,bagpipe.bingo,available,51.98,68.98,high,low,7,namecheap,,,21/09/2026 18:26
e9e00874-80ea-48a8-b184-75b07d074855,unimpeded.bingo,available,51.98,68.98,medium,low,9,namecheap,,,12/09/2026 13:10
8e078ac1-d225-4ef0-bd33-f59d8eec421d,rife.bingo,available,51.98,68.98,medium,low,4,namecheap,,,04/09/2026 20:07
b675d419-b00c-44bf-96cb-eea8c640ed07,aeronautic.bingo,available,14.99,77.99,high,low,10,name.com,,,
0a95a10b-09cb-4b1f-ab82-d4c2322d917d,darkling.bingo,available,14.99,77.99,medium,low,8,name.com,,,13/08/2026 18:16
b0c3090e-d4a3-496e-b1c7-128a2a8c2d3e,uniat.bingo,available,51.98,68.98,medium,low,5,namecheap,,,12/09/2026 12:44
5b50c0d7-30de-434b-870b-7e748adda3d5,tendency.bingo,available,14.99,77.99,high,low,8,name.com,,,22/08/2026 22:11
e5d9c268-7e05-4c3a-9125-717142ac8790,hauteur.bingo,available,53.99,53.99,medium,low,7,namesilo,,,20/09/2026 09:20
e5a1358a-58bb-44dd-90c8-76002d2d59d5,undesirable.bingo,available,14.99,,medium,low,11,name.com,,,
a3f2d180-0186-4233-95ff-504bcd8c64f3,prosecution.bingo,available,14.99,,high,low,11,name.com,,,
0a4040ec-a557-48fa-ab76-5298a39e7206,outermost.bingo,available,51.98,68.98,high,low,9,namecheap,,,04/09/2026 19:17
6e421b33-77e7-4fa7-a07e-dacee7ee0dfc,ostracize.bingo,available,53.99,53.99,medium,low,9,namesilo,,,24/09/2026 01:58
6c7bf6b8-3661-48db-8431-f806f4252412,banting.bingo,available,51.98,68.98,medium,low,7,namecheap,,,22/09/2026 03:15
9aa2f778-670c-43d7-b0b7-398c94af8c3d,seamed.bingo,available,14.99,77.99,medium,low,6,name.com,,,10/09/2026 00:45
948ae4bf-5aa6-4634-8fea-243dc66e6e44,atc.bingo,available,53.99,53.99,high,low,3,namesilo,,,27/09/2026 07:00
cca03295-b581-4367-9788-69a8da7a3eb1,singular.bingo,available,14.99,77.99,high,low,8,name.com,,,13/08/2026 11:18
583d16ed-9c4c-43a6-8cb0-d02816330580,compete.bingo,available,14.99,,high,low,7,name.com,,,
3e96221c-ef76-48a4-9ad6-fea4985c93b3,america.bingo,premium,118.8,118.8,high,low,7,namesilo,,,
9a40e3c0-106f-484a-88cf-1e5cebeb294d,phlegmatic.bingo,available,51.98,68.98,medium,low,10,namecheap,,,08/09/2026 18:53
b9e9104c-a2e8-4155-b6f8-98ac179c9178,isotonic.bingo,available,14.99,77.99,medium,low,8,name.com,,,22/08/2026 11:18
9cff7ba5-378e-4e6d-8198-253ba84586ee,uniformed.bingo,available,51.98,68.98,medium,low,9,namecheap,,,12/09/2026 12:57
dd123b96-9f07-4eb0-8fcd-a9b6fd4e5ed9,european.bingo,available,53.99,53.99,high,low,8,namesilo,,,24/09/2026 15:26
34fc3cad-a575-4457-bb35-130343b12690,conforming.bingo,available,14.99,77.99,high,low,10,name.com,,,12/08/2026 21:11
d493e44c-ac19-4d2a-82d9-1e67b9397927,tingle.bingo,available,51.98,68.98,medium,low,6,namecheap,,,11/09/2026 16:11
22f8b718-eb18-4d41-b1ec-48e0b150e8d1,bonzer.bingo,available,14.99,77.99,medium,low,6,name.com,,,10/08/2026 19:02
be167334-7048-4796-b52c-e118623a9c8a,weblike.bingo,available,51.98,68.98,medium,low,7,namecheap,,,03/09/2026 16:06
1496e7c5-93fa-4fee-b088-e7c049137202,touchstone.bingo,available,51.98,68.98,high,low,10,namecheap,,,10/09/2026 18:36
e27e1f4f-2a29-404d-81e7-dbb12690e4a6,hastings.bingo,available,53.99,53.99,high,low,8,namesilo,,,22/09/2026 15:09
d7329112-d007-4ef6-9ef3-f538a281e74d,steerable.bingo,available,14.99,77.99,medium,low,9,name.com,,,14/08/2026 09:00
ebd76bf7-a150-4265-a8bb-a15e6e358c9c,citizenship.bingo,available,14.99,,high,low,11,name.com,,,
8464dec8-c175-46ae-934c-25acc985d33d,anglesea.bingo,available,53.99,53.99,medium,low,8,namesilo,,,19/09/2026 06:27
08e097bd-4347-4cbd-afdf-c67218140ffd,facility.bingo,available,14.99,,high,low,8,name.com,,,
191ab79c-d514-4a1b-8a8e-f3ad6c24694f,cautionary.bingo,available,14.99,77.99,medium,low,10,name.com,,,
828bb0fd-2703-456b-8b01-4199251ef4aa,enlarged.bingo,available,53.99,53.99,high,low,8,namesilo,,,22/09/2026 22:37
60d63b5e-9308-483a-a987-31f1753bfe68,microbial.bingo,available,51.98,68.98,medium,low,9,namecheap,,,08/09/2026 09:41
46805ef0-d0a0-46ff-940d-524bc4bea322,puzzlement.bingo,available,53.99,53.99,medium,low,10,namesilo,,,21/09/2026 17:39
fe0a9a10-1ea9-4d41-a0fe-071c6e50ceea,apophasis.bingo,available,51.98,68.98,medium,low,9,namecheap,,,19/09/2026 19:01
ab541926-7556-4fea-b63e-0af8e96cb29e,strung.bingo,available,51.98,68.98,medium,low,6,namecheap,,,10/09/2026 22:54
3ec39a5c-0ad1-4dd7-89b3-723f3c6e12e5,broadloom.bingo,available,14.99,77.99,medium,low,9,name.com,,,11/08/2026 04:59
3c305484-e478-40ce-a395-cdd2cd6fdb56,algebraist.bingo,available,53.99,53.99,medium,low,10,namesilo,,,18/09/2026 06:55
edd83710-4e0e-4289-9cda-228c538d4c4e,compilation.bingo,available,14.99,,high,low,11,name.com,,,
b5dd1f65-0179-4f67-887c-e1733b65d3a9,excel.bingo,available,53.99,53.99,high,low,5,namesilo,,,25/09/2026 09:50
9527e9a4-c194-453c-a5d7-647135ab4197,andrews.bingo,available,53.99,53.99,high,low,7,namesilo,,,19/09/2026 04:49
729f019b-44fd-49b9-a704-4842537c7074,buggy.bingo,available,53.99,53.99,high,low,5,namesilo,,,22/09/2026 08:13
ff2fa1d4-55eb-4eb7-9f79-534421ae2f95,feckless.bingo,available,14.99,77.99,medium,low,8,name.com,,,18/08/2026 00:31
a3983362-9f48-46eb-89d5-f16d38032e61,maidenly.bingo,available,14.99,77.99,medium,low,8,name.com,,,24/08/2026 13:14
701cc28a-3a22-4a95-88c9-d54fc81ad220,bioscope.bingo,available,51.98,68.98,medium,low,8,namecheap,,,23/09/2026 19:01
ef0f1656-563e-400b-b921-3e77383d5cad,expertly.bingo,available,51.98,68.98,high,low,8,namecheap,,,14/09/2026 17:05
e02d3462-2963-4d4c-bcdb-9f441f0bc552,trainer.bingo,available,53.99,53.99,high,low,7,namesilo,,,27/09/2026 13:32
0703671b-ba95-4c6b-8a66-a0e7a3e69a8c,highly.bingo,available,14.99,,high,low,6,name.com,,,
95d931ca-1ddb-45ff-b438-79bee80b43ee,guitar.bingo,available,14.99,,high,low,6,name.com,,,
c5e8ee9d-b6e5-4605-bcba-6b48760c2d01,forsooth.bingo,available,51.98,68.98,low,low,8,namecheap,,,14/09/2026 19:55
b330e6f3-0bf3-4e30-b03e-7ac0b78a21df,streamed.bingo,available,53.99,53.99,high,low,8,namesilo,,,20/09/2026 17:18
bbd96119-a279-4183-8b0b-0c9fad72d906,terminated.bingo,available,53.99,53.99,high,low,10,namesilo,,,19/09/2026 16:25
34d32628-e42e-44c0-99fb-2383241d6927,optically.bingo,available,51.98,68.98,medium,low,9,namecheap,,,15/09/2026 18:03
04831774-d944-4edd-a84a-791c2c75da30,silky.bingo,available,51.98,68.98,high,low,5,namecheap,,,09/09/2026 21:45
c56b2f22-c037-4478-a4fc-56f62ce52c00,antarctic.bingo,available,14.99,77.99,high,low,9,name.com,,,
a58ec458-b2e2-461b-b146-661c96449520,bagful.bingo,available,51.98,68.98,medium,low,6,namecheap,,,21/09/2026 17:57
aea57561-9a0e-486f-8425-bb3d12756a22,alcahest.bingo,available,53.99,53.99,medium,low,8,namesilo,,,18/09/2026 03:43
cbec48c4-0cec-4ed6-94ae-889df3d20226,revolved.bingo,available,53.99,53.99,high,low,8,namesilo,,,27/09/2026 14:41
23e1b4a3-a947-47be-9a1a-311a7ce3382f,gin.bingo,available,51.98,68.98,high,low,3,namecheap,,,24/09/2026 18:31
fed64585-4a1e-460b-8b7a-74b9f9536d91,strut.bingo,available,51.98,68.98,high,low,5,namecheap,,,11/09/2026 05:11
d7942228-a762-48d3-b20c-558a6296e945,eolithic.bingo,available,14.99,77.99,medium,low,8,name.com,,,17/08/2026 10:10
ddb2aaa0-d762-4ed2-be16-5f6ffb706514,john.bingo,available,51.98,68.98,high,medium,4,namecheap,,,09/09/2026 02:17
7f60ae2d-30ad-4309-b67d-3d006e5160a3,gibbous.bingo,available,14.99,77.99,medium,low,7,name.com,,,13/08/2026 07:44
ae2af7a6-58fa-4f0f-911d-6c4d942cb1fd,pit.bingo,available,53.99,53.99,high,low,3,namesilo,,,24/09/2026 13:22
acec5c7f-0330-4e79-9e71-708bfc8fbb53,intragroup.bingo,available,14.99,77.99,medium,low,10,name.com,,,22/08/2026 08:41
fef00287-42bd-4ec2-a729-c66f71e98b98,cheek.bingo,available,53.99,53.99,high,low,5,namesilo,,,24/09/2026 11:22
5eae4642-3154-4c3e-842f-9fda3916c901,spirit.bingo,available,14.99,,high,low,6,name.com,,,
46ecfdb0-6e3b-4a9b-94bd-e66fe73fa5f2,divinity.bingo,available,51.98,68.98,high,low,8,namecheap,,,24/09/2026 21:26
988c6df9-5e82-4d01-bde9-682fb6f676eb,alluvion.bingo,available,53.99,53.99,medium,low,8,namesilo,,,18/09/2026 12:21
d6146306-3d5d-4b93-a3d7-7c4d02c19c8f,polyphase.bingo,available,51.98,68.98,medium,low,9,namecheap,,,03/09/2026 10:52
355edc93-44c2-4227-a3e8-4178771a94a3,virile.bingo,available,51.98,68.98,high,low,6,namecheap,,,13/09/2026 06:04
c0514cfe-8cd7-4817-8556-32212a617468,commission.bingo,available,14.99,,high,low,10,name.com,,,
867f8166-ac2a-4016-9771-81fed1bac8cd,blackcock.bingo,available,53.99,53.99,medium,low,9,namesilo,,,24/09/2026 00:30
c61b9286-64fc-4b01-a15a-b8502ec79367,sundress.bingo,available,14.99,,high,low,8,name.com,,,
8dbc4a5d-e6ef-4493-a1e3-43e9b2ebe3f0,bounty.bingo,available,53.99,53.99,high,low,6,namesilo,,,24/09/2026 07:35
54ed07f5-b557-4feb-8e1b-d2ef8fef5a30,bucks.bingo,available,14.99,77.99,high,low,5,name.com,,,25/09/2026 13:26
5c48eccb-f27b-490e-b4e5-36f1edbda064,spaceward.bingo,available,53.99,53.99,medium,low,9,namesilo,,,16/09/2026 05:42
00a59a1e-747f-45ab-ac06-4a99fdda267d,compelling.bingo,available,53.99,53.99,high,low,10,namesilo,,,23/09/2026 17:02
8b660917-f3b6-4445-92d0-f0717509527c,alalia.bingo,available,53.99,53.99,medium,low,6,namesilo,,,18/09/2026 01:40
f68f567a-a5aa-4e04-b0f7-71ed4e446fc3,undoubtedly.bingo,available,14.99,,medium,low,11,name.com,,,
889ab33e-6a4d-49af-b65a-92d478124803,rebuff.bingo,available,51.98,68.98,medium,low,6,namecheap,,,10/09/2026 10:49
d345b5ad-5f8a-401f-91bb-8c08eac3fede,ovine.bingo,available,14.99,77.99,medium,low,5,name.com,,,04/09/2026 22:07
3433f4f5-e9e5-40f1-9430-8fd132c4b8e8,mandarin.bingo,available,53.99,53.99,high,low,8,namesilo,,,23/09/2026 04:17
f28a296d-2818-45ab-be02-b995ebd7fb22,retained.bingo,available,42.64,42.64,high,low,8,spaceship,,,27/09/2026 13:05
f5cd7d6c-5604-457b-a724-3fd1d126e185,preferences.bingo,available,14.99,77.99,high,low,11,name.com,,,
6ac49267-5a07-4ffe-a2d3-5bd80f1942ca,tufted.bingo,available,14.99,77.99,medium,low,6,name.com,,,11/08/2026 13:14
6d89ba37-0204-4098-b6dc-d9ae3cd33e15,lydia.bingo,available,51.98,68.98,high,low,5,namecheap,,,25/09/2026 09:12
65bfa524-6402-4e1b-aea4-934361c4d628,drumhead.bingo,available,14.99,77.99,medium,low,8,name.com,,,14/08/2026 20:15
0bb22152-5b94-4489-842b-1e50302eb291,beating.bingo,available,14.99,,high,low,7,name.com,,,
1d3291f9-df1b-4f75-90aa-d58c605175ce,flameproof.bingo,available,14.99,77.99,high,low,10,name.com,,,18/08/2026 06:28
2e00e2bc-9daf-496b-8c3a-35dc7b8811c9,crotchety.bingo,available,14.99,77.99,medium,low,9,name.com,,,13/08/2026 08:25
b600fa90-5581-4860-b4fd-cbe8363a79af,clams.bingo,available,14.99,77.99,high,low,5,name.com,,,24/09/2026 06:47
8b1b7d08-c044-4948-a981-dd7687b5365f,azoic.bingo,available,14.99,77.99,medium,low,5,name.com,,,08/08/2026 02:22
ee6b562e-876c-4527-a408-9351c3b8e6fd,thriving.bingo,available,14.99,77.99,high,low,8,name.com,,,10/08/2026 19:22
f5498c48-48ee-4ef1-92a3-0f7722938b7a,ashore.bingo,available,51.98,68.98,medium,low,6,namecheap,,,13/09/2026 22:07
b1adaba9-39df-4b1e-b14d-6d8cc98d4796,swept.bingo,available,51.98,68.98,high,low,5,namecheap,,,11/09/2026 05:44
1416d7cd-8bf0-4ab2-a518-7ddfa0541314,buyer.bingo,available,14.99,,high,low,5,name.com,,,
9deae137-ebcb-470b-a287-841ceb22168d,derisory.bingo,available,14.99,77.99,medium,low,8,name.com,,,14/08/2026 02:56
343ba42d-8d57-48c6-9333-02f910ef0527,playaround.bingo,available,53.99,53.99,medium,low,11,namesilo,,,17/09/2026 06:03
99559a34-4d93-47fe-ae9b-7065e08a6a7c,see.bingo,premium,118.8,118.8,high,medium,3,namesilo,,,24/09/2026 16:46
2a984c09-650a-4f8e-9a10-1b67756bd707,blew.bingo,available,53.99,53.99,medium,low,4,namesilo,,,25/09/2026 11:11
aed0a275-2b54-42ca-8a11-e6f2ab8c509b,plodder.bingo,available,51.98,68.98,medium,low,7,namecheap,,,10/09/2026 20:23
3c21697c-57e5-4964-9e2b-413264504217,controlled.bingo,available,53.99,53.99,high,low,10,namesilo,,,23/09/2026 22:39
19184def-49e7-46ac-9a3b-bb5701f8694c,brainless.bingo,available,14.99,77.99,medium,low,9,name.com,,,11/08/2026 01:41
83d30d47-a789-4cd1-a4ce-6b8af61699da,basal.bingo,available,14.99,77.99,medium,low,5,name.com,,,08/08/2026 21:24
7d3753e1-39a2-477b-8655-24e633181111,several.bingo,available,14.99,,high,low,7,name.com,,,
17d26b37-93c4-42a2-8b36-042d11a4a837,lazy.bingo,available,14.99,77.99,high,low,4,name.com,,,17/08/2026 20:54
fae40468-7356-4162-834f-675e20e0d44b,attacked.bingo,available,51.98,68.98,medium,low,8,namecheap,,,25/09/2026 20:43
711465ae-491c-4b43-87d3-6fe78ed7803a,venial.bingo,available,14.99,77.99,medium,low,6,name.com,,,18/08/2026 12:00
70f245c8-4231-4c7f-abc7-ecbcb4176d8f,flowering.bingo,available,14.99,77.99,high,low,9,name.com,,,18/08/2026 09:02
d9f0cd42-40da-4f99-a7da-543dc66ada19,roma.bingo,available,14.99,77.99,high,low,4,name.com,,,10/08/2026 17:30
9c0992ea-0532-4f76-af84-4d49cad5a12e,airless.bingo,available,14.99,77.99,medium,low,7,name.com,,,
fa75977b-6c15-44c4-a1e2-e05035e7ff1c,ross.bingo,available,53.99,53.99,high,low,4,namesilo,,,23/09/2026 11:35
721d7b5f-edd7-4c3f-a7d3-200d1a14176e,beebread.bingo,available,14.99,77.99,medium,low,8,name.com,,,18/09/2026 17:24
628dfc2d-2539-410f-a62b-8c820042c046,piddle.bingo,available,51.98,68.98,medium,low,6,namecheap,,,13/09/2026 08:06
9227b23a-2cc7-47f7-9b2b-a7879658a06b,mum.bingo,available,53.99,53.99,high,low,3,namesilo,,,25/09/2026 22:08
e51f6fea-7d0f-4ad8-965b-e9684a60c758,alimony.bingo,available,14.99,,medium,low,7,name.com,,,
7e2f5115-b440-42ab-8196-06fd08c0cfeb,reprint.bingo,available,51.98,68.98,high,low,7,namecheap,,,10/09/2026 04:03
b9a55917-940b-476c-8a3c-5e9db3e9f9d8,baal.bingo,available,53.99,53.99,high,low,4,namesilo,,,21/09/2026 12:05
b6caf1cb-1947-45ea-beae-897479cec629,lentic.bingo,available,14.99,77.99,medium,low,6,name.com,,,22/08/2026 23:50
ec84a611-e2d2-45e3-b1cc-55eb6962ca4c,ballerina.bingo,available,51.98,68.98,high,low,9,namecheap,,,21/09/2026 22:49
94a22322-e7fc-4545-bc72-2c42cc54ba85,bibos.bingo,available,53.99,53.99,low,low,5,namesilo,,,23/09/2026 13:02
81b2840f-b975-4724-ab84-5aef6935f1ee,costate.bingo,available,14.99,77.99,medium,low,7,name.com,,,13/08/2026 03:06
64c7420b-a9d4-4589-a22b-5c808ee439e3,baboon.bingo,available,53.99,53.99,high,low,6,namesilo,,,21/09/2026 12:58
e7e9dabf-7162-45a0-97ce-ff12f0fb772f,sorely.bingo,available,53.99,53.99,medium,low,6,namesilo,,,16/09/2026 05:13
5f8ad43e-00ed-4353-bf52-856a09f2449e,lewd.bingo,available,14.99,77.99,high,low,4,name.com,,,22/08/2026 20:07
c5359b56-bd31-4b0e-be23-884bb78d37bb,corrode.bingo,available,51.98,68.98,medium,low,7,namecheap,,,09/09/2026 20:10
4b64b131-a804-424c-aa77-b67318866420,ibn.bingo,available,51.98,68.98,medium,low,3,namecheap,,,25/09/2026 21:32
59632cac-6679-4f40-84b4-f40c0f778f15,affable.bingo,available,51.98,68.98,high,low,7,namecheap,,,21/09/2026 21:27
a8c34555-f409-442d-9a73-ab391fe99df4,hangover.bingo,available,14.99,,medium,low,9,name.com,,,
2f6b93f4-3da2-4386-9d46-e46d722af794,seoul.bingo,available,14.99,,high,low,5,name.com,,,
6d82e020-81e6-4869-be7d-123d006ba98a,stupefied.bingo,available,14.99,77.99,medium,low,9,name.com,,,13/08/2026 18:55
7ebd76cb-8ffb-4528-97f8-7b483cf7a2b7,river.bingo,available,14.99,,high,low,5,name.com,,,
57ec8dc0-e214-4147-be31-f81c29b24851,roses.bingo,available,51.98,68.98,high,low,5,namecheap,,,17/09/2026 21:17
2c009a34-4199-476d-8251-310e187978f6,pallor.bingo,available,53.99,53.99,medium,low,6,namesilo,,,17/09/2026 01:07
2c31e272-0d69-4eb6-8437-2d0fad283077,unilateral.bingo,available,51.98,68.98,medium,low,10,namecheap,,,12/09/2026 12:59
de30436f-c98e-449f-9bc7-dcd462334fd5,sequent.bingo,available,14.99,77.99,high,low,7,name.com,,,
9202b2ec-c8f7-4dd8-ab87-cc0a2931490f,scorched.bingo,available,14.99,77.99,medium,low,8,name.com,,,
78e17aa1-e96e-4f54-ae6f-c29b959ea1fd,click.bingo,resell,,,high,medium,5,Dynadot Inc,20/05/2015 16:00,20/05/2027 16:00,26/09/2026 04:59
6294758b-47e3-40bc-8c6d-024ac82af58b,crinkly.bingo,available,14.99,77.99,high,low,7,name.com,,,13/08/2026 06:51
dce622a1-19c9-4a2e-921e-35c47f3caaa9,outlined.bingo,available,51.98,68.98,high,low,8,namecheap,,,04/09/2026 19:31
8871abbb-4884-4d22-a249-0dbc3c78f44e,geniculate.bingo,available,14.99,77.99,medium,low,10,name.com,,,18/08/2026 21:38
ae130cba-7828-4b39-bf69-3a62f25bd3cb,sting.bingo,available,14.99,77.99,high,low,5,name.com,,,10/09/2026 20:46
f18de979-1b3c-4898-aaf1-b7e2bbd8cd6f,lowbrow.bingo,available,14.99,77.99,medium,low,7,name.com,,,
137f3644-16d2-4e87-bf9a-c9f3a34445f1,altar.bingo,available,53.99,53.99,high,low,5,namesilo,,,18/09/2026 14:32
1b8dc056-0410-4f25-abee-425f0895119b,sunk.bingo,available,51.98,68.98,medium,low,4,namecheap,,,11/09/2026 01:50
a0c5fc4e-17f2-46c7-94d2-33de91a4189d,eolic.bingo,available,53.99,53.99,low,low,5,namesilo,,,17/09/2026 12:36
4d30b879-cd12-4808-9fc0-4af6fcee73e6,novel.bingo,available,51.98,68.98,high,low,5,namecheap,,,03/09/2026 22:19
49d055fd-e620-48e7-86fc-800b93794357,neptunium.bingo,available,51.98,68.98,medium,low,9,namecheap,,,21/09/2026 00:09
991b51a6-3acf-4938-ad11-14ee0e61dc12,middletown.bingo,available,42.64,42.64,high,low,10,spaceship,,,27/09/2026 21:20
46148217-902e-4168-8ddd-bc9ed7518de6,champs.bingo,available,53.99,53.99,high,low,6,namesilo,,,20/09/2026 13:31
8f5b9fe1-3810-4a5b-bc97-c278bf23d483,unreached.bingo,available,51.98,68.98,medium,low,9,namecheap,,,04/09/2026 18:48
dcf81162-3548-4a96-833b-d2916296f08d,gimp.bingo,available,14.99,77.99,medium,low,4,name.com,,,23/08/2026 13:28
6df1d93c-5acb-4797-8811-c2fc1e0ecbc7,steak.bingo,available,14.99,,high,low,5,name.com,,,
5aef299b-77c4-407f-b837-643e4229e047,pyrogen.bingo,available,51.98,68.98,medium,low,7,namecheap,,,09/09/2026 07:01
47e98c76-eee4-43ee-90eb-50f3a307a0f9,blessing.bingo,available,14.99,77.99,high,low,8,name.com,,,06/08/2026 09:29
349ec56c-bf85-41b5-b407-508f653aa10e,greylag.bingo,available,53.99,53.99,medium,low,7,namesilo,,,19/09/2026 12:07
e97443c7-edc1-4549-aea9-a1a4b3137b09,comose.bingo,available,14.99,77.99,low,low,6,name.com,,,12/08/2026 18:22
7370a704-2009-4e03-89d8-cc488eebf09d,acquirable.bingo,available,14.99,77.99,medium,low,10,name.com,,,
561a69fc-d3ee-414c-93fc-9c756a8a9f1b,thunderous.bingo,available,14.99,77.99,medium,low,10,name.com,,,13/08/2026 19:56
9fc877dd-1934-4509-8d02-9deee187eae2,hotfoot.bingo,available,51.98,68.98,high,low,7,namecheap,,,09/09/2026 19:44
f5949a38-6ea7-4959-a5d9-dfc92fa0bdef,friendless.bingo,available,14.99,77.99,medium,low,10,name.com,,,18/08/2026 15:33
676b5b22-154f-4f9b-aa92-7ee71d3cd1a0,caldwell.bingo,available,53.99,53.99,medium,low,8,namesilo,,,25/09/2026 03:55
e56105c5-045e-4078-9eb7-83eafb55a89c,mutable.bingo,available,14.99,77.99,medium,low,7,name.com,,,12/08/2026 01:50
c169c30b-bbcc-4d06-b5e1-ae87bfae41ef,alee.bingo,available,51.98,68.98,low,low,4,namecheap,,,13/09/2026 18:38
e1e00b60-cba2-440b-af6f-8a1e215f76cf,packer.bingo,available,53.99,53.99,high,low,6,namesilo,,,21/09/2026 15:45
f60ac286-52fe-460a-9a88-053a1f9942b3,asking.bingo,available,14.99,,high,low,6,name.com,,,
43b8f68d-0573-4482-8487-56bebd10459e,cinema.bingo,available,53.99,53.99,high,low,6,namesilo,,,23/09/2026 07:48
14686693-5b01-4476-9168-b1fc70a27bfd,moonfish.bingo,available,51.98,68.98,medium,low,8,namecheap,,,20/09/2026 21:37
515988f9-9112-4e3e-88d8-033e82b14eae,elan.bingo,available,53.99,53.99,high,low,4,namesilo,,,20/09/2026 03:17
997952cd-2531-4c64-8657-fc66df7e6721,gram.bingo,available,14.99,,high,low,4,name.com,,,
b2ceebf7-c628-4b07-b54f-6ba8e3ab08e3,phocine.bingo,available,51.98,68.98,medium,low,7,namecheap,,,08/09/2026 18:58
ee75625d-aeeb-4947-b898-58c01b428fd2,wavy.bingo,available,14.99,77.99,high,low,4,name.com,,,13/08/2026 06:54
f5ac3372-6916-4add-8516-e2143dfe83f2,nescient.bingo,available,14.99,77.99,medium,low,8,name.com,,,21/08/2026 18:29
07755d55-7187-46e2-bf1e-ec7b55d32b8a,inept.bingo,available,14.99,77.99,medium,low,5,name.com,,,21/08/2026 18:53
7e7195ef-a1d0-44bc-90ba-ecae707963ec,abyssal.bingo,available,14.99,77.99,medium,low,7,name.com,,,
85ee57a7-fd78-4f5f-b62e-5127c131b799,taxpaying.bingo,available,51.98,68.98,medium,low,9,namecheap,,,11/09/2026 09:32
87a4e4c6-04ea-4f70-9edf-5d34a935fd25,intensify.bingo,available,14.99,77.99,high,low,9,name.com,,,12/08/2026 19:29
0464113f-8aa0-4302-b264-1d8b18aa52f7,culinary.bingo,available,53.99,53.99,high,low,8,namesilo,,,19/09/2026 15:04
1c347312-3ed3-4796-91a5-b7fce7689224,vastly.bingo,available,51.98,68.98,high,low,6,namecheap,,,15/09/2026 01:56
98ca92ab-b359-4bbc-a861-29ae174714f7,edo.bingo,available,53.99,53.99,high,low,3,namesilo,,,28/09/2026 01:23
d68447f3-8725-4d7c-a62d-7c4eb5af5427,docket.bingo,available,53.99,53.99,high,low,6,namesilo,,,17/09/2026 17:03
a1577727-e353-40f2-b490-e0033c91a1f8,atlantic.bingo,available,14.99,77.99,high,low,8,name.com,,,07/08/2026 13:38
5242461e-2e0d-44e8-ae67-a70f3a98a45b,hundred.bingo,available,53.99,53.99,high,low,7,namesilo,,,21/09/2026 11:00
2b9cef11-8d12-4f88-81e6-5d504b1f5210,nippy.bingo,available,51.98,68.98,high,low,5,namecheap,,,03/09/2026 17:42
b597aad8-1b05-4202-8b7b-1ee49a53ef99,witness.bingo,available,53.99,53.99,high,low,7,namesilo,,,21/09/2026 01:35
09e54c0b-e4c4-430b-b664-b37e0919db71,asterisk.bingo,available,53.99,53.99,high,low,8,namesilo,,,20/09/2026 17:11
9d90a66a-d65c-4d26-8c83-fd153936aba6,friar.bingo,available,14.99,77.99,medium,low,5,name.com,,,24/08/2026 20:10
668d165f-6f1b-47d8-a090-57845dfeb837,belike.bingo,available,51.98,68.98,medium,low,7,namecheap,,,04/09/2026 04:45
e7c334ec-8d05-4316-80da-6c0650daa4ea,colonized.bingo,available,14.99,77.99,medium,low,9,name.com,,,12/08/2026 17:23
9d841580-bfd1-4181-98d4-2fe6d857659b,poinciana.bingo,available,51.98,68.98,high,low,9,namecheap,,,23/09/2026 20:09
fcbd8547-22de-4ebd-9697-ca987d86ce9a,foothold.bingo,available,53.99,53.99,high,low,8,namesilo,,,24/09/2026 10:16
8b9d1c50-5d2d-4342-babf-bb25e43da03b,pointless.bingo,available,53.99,53.99,medium,low,9,namesilo,,,26/09/2026 03:12
f4f4ca96-5b96-496f-a244-c612dcf53434,vegetative.bingo,available,51.98,68.98,medium,low,10,namecheap,,,13/09/2026 01:44
8117a936-02be-4479-bc97-474ff2b97a60,congested.bingo,available,14.99,77.99,medium,low,9,name.com,,,12/08/2026 21:46
49ad1828-6799-4b47-a457-4c96dfbd1846,tornados.bingo,available,53.99,53.99,medium,low,8,namesilo,,,16/09/2026 14:12
3742d4e4-7e61-4308-a702-8f6badf4e181,unaided.bingo,available,51.98,68.98,medium,low,7,namecheap,,,12/09/2026 00:13
3e7675d8-f875-4693-9d8e-2ee127052863,inexplicit.bingo,available,14.99,77.99,medium,low,10,name.com,,,21/08/2026 22:39
199b3153-1cea-4eb3-980f-49e35cf23e0f,roaring.bingo,available,14.99,77.99,high,low,7,name.com,,,10/08/2026 19:21
16abfe3d-c79e-4692-bd86-e27cc927e381,orleans.bingo,available,14.99,,high,low,7,name.com,,,
f2ccbab1-413c-47f4-82ed-7bb2881502e2,clock.bingo,available,14.99,,high,low,5,name.com,,,
200c13ef-89ed-4538-ba40-9f9ccaaa11bb,yttrium.bingo,available,14.99,77.99,medium,low,7,name.com,,,20/09/2026 23:00
2522a1ff-443f-4077-b8f4-814d5e1fc12d,underway.bingo,available,51.98,68.98,high,low,8,namecheap,,,12/09/2026 07:42
3f6ee57f-25b3-489d-a59c-72b404475b6d,objected.bingo,available,53.99,53.99,medium,low,8,namesilo,,,18/09/2026 23:50
dc48eb48-133c-4c42-a1cc-ecda1b48e358,innocent.bingo,available,14.99,77.99,high,low,8,name.com,,,12/08/2026 10:16
28c239ff-6cbd-47e8-8dc6-0ec0b1c1c3a8,mystifying.bingo,available,14.99,77.99,medium,low,10,name.com,,,13/08/2026 09:39
e9b8554a-0490-4c8a-a63e-14140c7760ee,bilge.bingo,available,53.99,53.99,medium,low,5,namesilo,,,23/09/2026 15:50
5b5fa0e3-7d4d-4f59-847a-9a30380c0d52,loveless.bingo,available,14.99,77.99,medium,low,8,name.com,,,24/08/2026 10:09
4752b2dc-c0b6-42df-9245-2bd2555f7ae8,craniate.bingo,available,51.98,68.98,medium,low,8,namecheap,,,13/09/2026 04:37
c12a8fea-dfd2-483c-ac91-1e92911d42d9,batholith.bingo,available,53.99,53.99,medium,low,9,namesilo,,,22/09/2026 13:43
ed69c333-f929-4664-be6b-baa6be893e43,soapbox.bingo,available,53.99,53.99,high,low,7,namesilo,,,18/09/2026 17:20
eb765190-7235-45bb-9197-c11b72d3d7be,daughterly.bingo,available,14.99,77.99,medium,low,10,name.com,,,13/08/2026 18:46
4071cec8-40ca-4bfa-85e2-4e029fce56e3,medium.bingo,available,53.99,53.99,high,low,6,namesilo,,,25/09/2026 10:31
9d49c39c-0564-437b-823c-b7be74f8b563,abilities.bingo,available,53.99,53.99,high,low,9,namesilo,,,17/09/2026 04:45
8284b4ed-806b-48f3-a3a5-e3c70ac6cb60,hirschfeld.bingo,available,53.99,53.99,medium,low,10,namesilo,,,18/09/2026 01:20
0bbe6c3d-3f92-40ca-b791-43d04e940f78,tamable.bingo,available,51.98,68.98,medium,low,7,namecheap,,,11/09/2026 07:36
6189f62e-c78b-41f6-ac40-3fde82235ab1,lillian.bingo,available,53.99,53.99,medium,low,7,namesilo,,,26/09/2026 03:34
0b159bc8-5bc9-4b16-8c99-5af3a2b974fd,gazillion.bingo,available,51.98,68.98,high,low,9,namecheap,,,11/09/2026 19:54
ee0f783f-af3b-443d-89de-cf98e66f8296,tenacious.bingo,available,53.99,53.99,high,low,9,namesilo,,,19/09/2026 16:19
c055b789-fba3-4998-8986-8e56af1e2ab2,annalist.bingo,available,51.98,68.98,medium,low,8,namecheap,,,19/09/2026 10:03
67f3646a-162c-402a-8a48-fcd7a4c7fd42,pocketbook.bingo,available,53.99,53.99,high,low,10,namesilo,,,23/09/2026 16:19
edbc5824-ce61-4ccf-8986-df1eba546c58,mantra.bingo,available,14.99,,high,low,6,name.com,,,
f5a8bc4f-ed8c-4a23-a47b-14fe7c191be6,viral.bingo,available,51.98,68.98,high,medium,5,namecheap,,,13/09/2026 05:53
24be5951-13ad-4ef9-9fc3-3c515d682e3d,cosher.bingo,available,14.99,77.99,medium,low,6,name.com,,,13/08/2026 02:47
453cc335-215a-4c3a-9db6-32727f8785c5,bassia.bingo,available,53.99,53.99,medium,low,6,namesilo,,,22/09/2026 12:17
fafb2349-7dee-440b-b965-63994c513f3f,autonomic.bingo,available,14.99,77.99,high,low,9,name.com,,,07/08/2026 20:52
9874f4fd-ef59-47b8-9702-f5818a9af131,ageless.bingo,available,14.99,77.99,high,low,7,name.com,,,
772142dd-fe48-40f7-934f-4970d9a9cff8,ateles.bingo,available,51.98,68.98,medium,low,6,namecheap,,,20/09/2026 20:01
db430245-abc3-4643-9dc2-b001fce6e518,perks.bingo,available,53.99,53.99,high,low,5,namesilo,,,20/09/2026 14:58
2653d37e-4cfe-40f5-a0eb-6ca7c68f982d,barkley.bingo,available,53.99,53.99,high,low,7,namesilo,,,18/09/2026 02:32
42254418-83ba-4698-a743-64b15c5cce25,prat.bingo,available,14.99,77.99,medium,low,4,name.com,,,09/08/2026 11:18
c4bd2652-6121-484f-b815-c1bb9aa06099,streetcleaner.bingo,available,14.99,,low,low,14,name.com,,,
98e1b4a0-4a66-4615-9b49-665f1ecdb8b6,apus.bingo,available,53.99,53.99,medium,low,4,namesilo,,,19/09/2026 22:43
94f6e864-851b-4ca3-8979-fd480aec2ba9,bryce.bingo,available,42.64,42.64,high,low,5,spaceship,,,27/09/2026 19:56
3cdfeacb-088a-4390-87a6-1f8e0c1f8b0d,weird.bingo,available,14.99,77.99,high,low,5,name.com,,,24/09/2026 13:41
1f188fe9-2d45-425c-99d7-18fe79042893,aching.bingo,available,14.99,77.99,medium,low,6,name.com,,,
38b47f29-7da9-4d1d-8806-3a88bd9a30fb,abnormalcy.bingo,available,53.99,53.99,medium,low,10,namesilo,,,16/09/2026 16:19
015e94cb-5c6d-4d38-a333-dad83f1e1a88,sustained.bingo,available,14.99,77.99,high,low,9,name.com,,,18/08/2026 14:51
e3c2bafe-19e1-48fb-affb-871ae4532d1d,gandhian.bingo,available,14.99,77.99,high,low,8,name.com,,,18/08/2026 20:06
14db0b24-32f3-4edd-9ff9-8f6558493dd7,naturally.bingo,available,14.99,,high,low,9,name.com,,,
fd147711-7b5e-451a-9aeb-9c48c99dbe48,earthly.bingo,available,14.99,77.99,high,low,7,name.com,,,14/08/2026 22:42
e8ff95b1-37fe-4607-8873-4ad2ca932b50,arbitrager.bingo,available,53.99,53.99,medium,low,10,namesilo,,,20/09/2026 00:30
7c614e9a-95ba-442b-b111-021101af5853,biased.bingo,available,14.99,77.99,medium,low,6,name.com,,,09/08/2026 18:36
27ee17a3-3cf6-44d9-beca-0e4b1be158b2,gripe.bingo,available,51.98,68.98,high,low,5,namecheap,,,23/09/2026 00:19
8427759e-b9ac-4aa6-b0ea-49797cc3d2d2,sweltering.bingo,available,51.98,68.98,medium,low,10,namecheap,,,11/09/2026 05:40
099f781c-586d-4241-8f40-3bb805a3d3ac,filiform.bingo,available,14.99,77.99,medium,low,8,name.com,,,18/08/2026 04:04
31cf8005-5473-46f1-bfce-038850c7cc86,exception.bingo,available,14.99,,high,low,9,name.com,,,
901b50ea-d095-4ad5-a6d4-2b8396bfbaac,roughly.bingo,available,53.99,53.99,high,low,7,namesilo,,,21/09/2026 14:14
a814aa55-9c5c-4f73-aebe-1c54fab894f3,awol.bingo,available,14.99,77.99,high,low,4,name.com,,,08/08/2026 01:46
50de25e5-184e-4404-98ef-b4c1b5f3892a,allograft.bingo,available,53.99,53.99,medium,low,9,namesilo,,,18/09/2026 11:54
679fd788-1260-48f3-96b3-cb40cf6aa0e1,axile.bingo,available,14.99,77.99,medium,low,5,name.com,,,08/08/2026 01:56
6e3bbba1-30a3-4e6a-8ae6-896b48a5a85b,chapel.bingo,available,53.99,53.99,high,low,6,namesilo,,,28/09/2026 01:39
2fc5175b-34c5-4669-9720-70e09f32d6cd,merger.bingo,available,14.99,,high,low,6,name.com,,,
3ccff266-7057-4e06-9767-78de1999c834,consequences.bingo,available,53.99,53.99,high,low,12,namesilo,,,27/09/2026 08:40
7374390a-1fd5-4d40-a97d-050a6e1f9d7c,packsack.bingo,available,14.99,77.99,medium,low,8,name.com,,,21/09/2026 14:40
0ca2dafb-abba-4d2c-b49a-d6b3926c4d37,numinous.bingo,available,14.99,77.99,medium,low,8,name.com,,,03/09/2026 23:01
3db8869b-1fba-438e-a885-749b740a6043,fired.bingo,available,51.98,68.98,medium,low,5,namecheap,,,24/09/2026 11:05
3b4e20cc-c0d2-4ee9-b73f-2dad2c3932b2,bearings.bingo,available,53.99,53.99,medium,low,8,namesilo,,,20/09/2026 03:51
18e54ff4-513f-402f-bd87-5a0b75cddd29,anteater.bingo,available,53.99,53.99,high,low,8,namesilo,,,16/09/2026 13:25
f1ac3692-7282-451d-9483-3ff867d8c81e,sumatran.bingo,available,14.99,77.99,high,low,8,name.com,,,11/09/2026 01:31
e4fefa08-1c6b-487e-bdbe-47f5bc1afae5,abiders.bingo,available,53.99,53.99,medium,low,7,namesilo,,,18/09/2026 03:55
1883cea5-773f-4c58-9c99-a902fc55665e,points.bingo,available,14.99,,high,low,6,name.com,,,
754cf879-a85b-4dfd-aed2-ba5e015e2a94,crab.bingo,available,14.99,,high,low,4,name.com,,,
d8dbd737-f0ed-48b2-9db3-4a72457d73bd,equatorial.bingo,available,14.99,77.99,high,low,10,name.com,,,17/08/2026 11:40
46901217-e700-4363-bf33-5e9395393cf6,plotted.bingo,available,53.99,53.99,high,low,7,namesilo,,,21/09/2026 22:10
901a0b43-bf1f-4389-bb17-216e1e0f683b,agents.bingo,available,53.99,53.99,high,medium,6,namesilo,,,24/09/2026 16:49
aa7917d0-f8d9-427a-b2bb-2e503d7d60b4,allergen.bingo,available,53.99,53.99,high,low,8,namesilo,,,18/09/2026 10:53
b87d98d8-cb3c-4f38-8f4b-a78bab14f726,alberti.bingo,available,53.99,53.99,high,low,7,namesilo,,,18/09/2026 02:45
ae2e07ce-8d61-4bd7-92b6-a72165d752fd,yeasty.bingo,available,14.99,77.99,medium,low,6,name.com,,,08/08/2026 19:56
f5e12347-7f42-404e-a0bb-3a3d1c2e6109,organisations.bingo,available,53.99,53.99,medium,low,13,namesilo,,,21/09/2026 01:37
54b4f04d-11da-4fb6-8662-db10714f083a,ariocarpus.bingo,available,53.99,53.99,medium,low,10,namesilo,,,20/09/2026 05:32
91564cd3-3b8f-49c7-8cad-54ff1af8854c,genetic.bingo,available,14.99,77.99,high,low,7,name.com,,,18/08/2026 21:31
28d0ce0b-1474-4558-be18-3fee5608871a,officious.bingo,available,14.99,77.99,medium,low,9,name.com,,,11/08/2026 11:26
a1fbb304-c8d8-4453-80f7-568206e96b32,monkfish.bingo,available,51.98,68.98,medium,low,8,namecheap,,,18/09/2026 11:42
2bcac37a-0bd3-45b2-acb2-3f791f187ea2,ampul.bingo,available,14.99,77.99,medium,low,5,name.com,,,18/09/2026 23:49
f96ff577-4ff6-46eb-a965-eb88c5898ba0,sensing.bingo,available,14.99,,high,low,7,name.com,,,
b38f0719-1ece-4643-b84e-63db578f4753,vividly.bingo,available,53.99,53.99,high,low,7,namesilo,,,16/09/2026 11:06
b00fb6eb-5e88-4f7f-9872-090a192e416f,newell.bingo,available,8.24,42.74,high,low,6,porkbun,,,27/09/2026 18:17
812b3223-69ef-4254-9339-03d5b26f46dd,aquatint.bingo,available,53.99,53.99,medium,low,8,namesilo,,,19/09/2026 23:09
087acaa9-7cef-4e97-9bad-914cd919193e,kidnapped.bingo,available,53.99,53.99,medium,low,9,namesilo,,,27/09/2026 03:07
d0c53456-5818-43c3-a959-f25ae96710a0,threatening.bingo,available,14.99,,high,low,11,name.com,,,
fbd0d0e8-84f1-4f5f-9e81-fab551c89ec7,toll.bingo,available,,,high,medium,4,,,,
9c44dd1a-4f3f-4dab-9fae-18ff44ba3880,calhoun.bingo,available,53.99,53.99,medium,low,7,namesilo,,,27/09/2026 03:19
356391ed-9fc3-4c49-9f36-cb8a627ac361,focal.bingo,available,14.99,77.99,high,low,5,name.com,,,18/08/2026 09:44
9342abda-e010-4ed8-a2ab-e16ea05cf2d6,hussein.bingo,available,51.98,68.98,medium,low,7,namecheap,,,25/09/2026 07:40
e2e7bbb9-e920-48d5-bf7a-d392952c68ed,oafish.bingo,available,14.99,77.99,medium,low,6,name.com,,,10/08/2026 19:32
504e8dd7-6215-4329-a723-d6122fd7d393,affirmed.bingo,available,53.99,53.99,high,low,8,namesilo,,,17/09/2026 14:27
09c9c519-acd1-465c-8603-ec877f31f580,abbe.bingo,available,53.99,53.99,medium,low,4,namesilo,,,16/09/2026 14:22
501498fc-bca4-4116-a9a1-7cff3ad36416,spirea.bingo,available,53.99,53.99,medium,low,6,namesilo,,,20/09/2026 17:27
73cb38f8-0cc8-4ce1-a944-4c9a4711bc69,confess.bingo,available,14.99,,high,low,7,name.com,,,
7c707dd7-8974-4bfc-b394-fc3992e1ea8e,diving.bingo,available,14.99,,high,low,6,name.com,,,
ae573a86-0a09-4883-b31f-5837eb1833e5,legible.bingo,available,14.99,77.99,high,low,7,name.com,,,22/08/2026 22:59
a8b2214d-1e0d-4219-b3a2-a039a5d47883,slant.bingo,available,14.99,77.99,high,low,5,name.com,,,22/08/2026 22:07
e9f96e77-cbbd-48d7-b90d-aeab8e4b1679,flexible.bingo,available,51.98,68.98,high,low,8,namecheap,,,23/09/2026 18:12
dded779d-2264-4873-93da-fbd38f48f588,sunstone.bingo,available,53.99,53.99,high,low,8,namesilo,,,21/09/2026 09:07
989a9b07-ff57-4343-b779-fa8db84e59ad,impress.bingo,available,14.99,,high,low,7,name.com,,,
2ad9c183-e5cc-4162-88aa-7cb629ac849d,harlot.bingo,available,14.99,77.99,medium,low,6,name.com,,,13/08/2026 14:19
9d6dea73-4484-4d53-8cfc-32ac1a7647b7,seventy.bingo,available,14.99,77.99,high,low,7,name.com,,,
e6d6d938-2210-41be-b070-27bea0fa2ec1,sushi.bingo,available,14.99,,high,low,5,name.com,,,
17308551-40e1-401d-a15f-cf1ef1be0b27,indisposed.bingo,available,,,medium,low,10,,,,
a8876597-5889-4c60-a14f-646ff467c5e0,charles.bingo,available,14.99,,high,low,7,name.com,,,
ffd4a266-7b2c-4f55-b9a1-cc8b9b564b31,trial.bingo,available,14.99,,high,low,5,name.com,,,
61e71317-984a-41ad-938e-8e86f88d34d1,dryly.bingo,available,51.98,68.98,medium,low,5,namecheap,,,14/09/2026 14:21
6881d7b6-b9b3-42c2-a824-703a1b37eefb,aaa.bingo,premium,128.7,128.7,high,medium,3,namecheap,,,
e3e63da7-4b29-4f49-a7b6-4891b8be52de,joy.bingo,available,14.99,,high,medium,3,name.com,,,
0da1b9a2-146a-436b-bd9c-53e880af5c50,colonial.bingo,available,14.99,77.99,high,low,8,name.com,,,12/08/2026 17:20
de8c58ed-ead9-4a35-8311-e9b815b8a7c8,iniquity.bingo,available,14.99,77.99,medium,low,8,name.com,,,17/08/2026 15:08
7ed296fe-1612-4f9c-9485-9e7fd629fa77,sixth.bingo,available,14.99,77.99,high,low,5,name.com,,,
15a5f9ad-1800-44b3-8b42-6207913cd925,casebook.bingo,available,51.98,68.98,high,low,8,namecheap,,,08/09/2026 03:38
2c02b3a6-8681-4af7-bb49-32f230613241,abstention.bingo,available,51.98,68.98,medium,low,10,namecheap,,,16/09/2026 18:27
c3117534-0295-48a0-b0e9-bb4593d9654b,planned.bingo,available,53.99,53.99,high,low,7,namesilo,,,21/09/2026 22:06
7a35c6ab-9e61-492f-9974-1bdc7efa5b58,porcine.bingo,available,14.99,77.99,medium,low,7,name.com,,,21/08/2026 10:21
37526fc7-05bb-4e8c-b2d0-f263d2808817,silhouettes.bingo,available,53.99,53.99,medium,low,11,namesilo,,,20/09/2026 11:57
70840cad-5512-4581-b501-db38ed75e2f0,pops.bingo,available,53.99,53.99,high,low,4,namesilo,,,18/09/2026 21:55
4c031378-a8c2-4476-b4a7-4daa0af98e86,chesty.bingo,available,14.99,77.99,medium,low,6,name.com,,,06/08/2026 22:08
e8886023-fc0e-4e27-a65c-098e0bff43c4,baikal.bingo,available,51.98,68.98,high,low,6,namecheap,,,21/09/2026 18:54
c0cc34fb-0072-4fd8-8b6c-9d3e3a873279,harper.bingo,available,53.99,53.99,high,low,6,namesilo,,,25/09/2026 06:58
f235e41b-adb3-4528-b53f-59b0a7551789,inviolable.bingo,available,14.99,77.99,medium,low,10,name.com,,,21/08/2026 23:02
a8d1eb05-398c-4dc2-a744-b1df857da340,essential.bingo,available,51.98,68.98,high,low,9,namecheap,,,22/09/2026 00:42
a34cc932-54b7-481c-8e92-a62268adfa9c,monegasque.bingo,available,14.99,77.99,high,low,10,name.com,,,25/08/2026 04:03
6e6f5dc5-e9ee-4473-b161-7d3642513aac,motions.bingo,available,53.99,53.99,medium,low,7,namesilo,,,18/09/2026 00:16
cea54d02-6e49-4043-a971-793466d2f487,abnegation.bingo,available,53.99,53.99,medium,low,10,namesilo,,,16/09/2026 16:16
db369428-1579-4fb9-a9a1-748417e26352,barrack.bingo,available,53.99,53.99,medium,low,7,namesilo,,,22/09/2026 07:48
0ea5b8cf-3085-49dc-91c3-b31a70922c0e,felonious.bingo,available,14.99,77.99,medium,low,9,name.com,,,18/08/2026 00:58
2e4af116-8403-4ccc-b83c-eb0b8aef3d7e,ownerless.bingo,available,51.98,68.98,medium,low,9,namecheap,,,04/09/2026 22:18
9be07da5-6944-4506-973d-edd4c501ecb2,headlong.bingo,available,14.99,77.99,medium,low,8,name.com,,,21/08/2026 01:16
9d135046-b5e3-4a21-9f10-ea4b37250c48,boaster.bingo,available,14.99,77.99,medium,low,7,name.com,,,11/08/2026 01:18
7adeb39a-2357-45c5-acf5-8dbc99b8fd45,satisfied.bingo,available,53.99,53.99,high,low,9,namesilo,,,27/09/2026 09:14
2213006e-d34d-407b-99fe-111a21ad7ff5,bottomless.bingo,available,14.99,77.99,high,low,10,name.com,,,10/08/2026 21:21
753e852b-3187-4e46-a151-70a9b2353681,grazed.bingo,available,14.99,77.99,medium,low,6,name.com,,,20/08/2026 19:29
c7efa119-ff86-4879-99e0-863a33f6f50c,dozens.bingo,available,51.98,68.98,high,low,6,namecheap,,,14/09/2026 23:20
51fd1d01-c2df-419c-86c6-57b263662e26,hornless.bingo,available,14.99,77.99,medium,low,8,name.com,,,21/08/2026 14:06
f1a1e2e0-bbd0-4c72-951d-119c55bde128,yet.bingo,available,14.99,,high,low,3,name.com,,,
1048b608-ba7a-4d8c-8a8e-9aa231b8b879,silvertip.bingo,available,14.99,77.99,medium,low,9,name.com,,,20/08/2026 20:13
e2c03452-f624-42d3-a4c0-23267054fc96,dominion.bingo,available,53.99,53.99,high,low,8,namesilo,,,24/09/2026 23:09
268078b0-a35b-4302-b5af-bd978dbf32ff,acerb.bingo,available,14.99,77.99,medium,low,5,name.com,,,
d112bdb5-f24c-4ce0-b3f1-0c01a9fc621c,sneezed.bingo,available,53.99,53.99,low,low,7,namesilo,,,20/09/2026 15:10
8ce5d176-4671-4cc0-b4d5-a7116e293fa8,confiding.bingo,available,14.99,77.99,high,low,9,name.com,,,12/08/2026 20:45
e29508d4-e156-4118-8b19-0ed1c573fff1,nonexempt.bingo,available,51.98,68.98,medium,low,9,namecheap,,,03/09/2026 19:09
5037a550-c053-4fac-bb10-02c7260c68fb,icelandic.bingo,available,14.99,77.99,high,low,9,name.com,,,21/08/2026 17:45
f4baaa8a-9ab9-48de-807a-6e727fd79c4d,earthborn.bingo,available,14.99,77.99,medium,low,9,name.com,,,14/08/2026 22:35
5dea62cb-cacc-4af3-b905-2ceaaaf44fc5,albion.bingo,available,53.99,53.99,high,low,6,namesilo,,,18/09/2026 02:58
80e8e18a-d19d-4851-8822-7f7ba956d2c9,untagged.bingo,available,51.98,68.98,medium,low,8,namecheap,,,12/09/2026 14:35
0571828c-833c-4fcd-bb5e-1b57818209f2,sinister.bingo,available,14.99,77.99,medium,low,8,name.com,,,24/08/2026 20:02
716f8fe1-cd2b-4ee8-ace5-b7f5c2edfed3,miguel.bingo,available,53.99,53.99,high,low,6,namesilo,,,25/09/2026 14:22
95480db1-c107-4869-947b-bad3b79a33fe,pencils.bingo,available,51.98,68.98,medium,low,7,namecheap,,,20/09/2026 08:42
53a8663e-130b-46fc-a043-af13262bf310,goldbrick.bingo,available,14.99,77.99,medium,low,9,name.com,,,20/08/2026 16:29
e5cc1167-f197-4e1f-89c8-b3e6bd6a9e46,rover.bingo,available,51.98,68.98,high,low,5,namecheap,,,23/09/2026 20:16
b76ee11b-6e0d-4ec1-bcf7-cd854959d13f,diehards.bingo,available,53.99,53.99,medium,low,8,namesilo,,,20/09/2026 23:29
d867484f-09d9-406a-bf4e-910d9af91045,larger.bingo,available,51.98,68.98,high,low,6,namecheap,,,22/09/2026 20:38
3fb393d4-15dd-4b7e-89c8-b2efc22fd719,information.bingo,available,53.99,53.99,high,low,11,namesilo,,,27/09/2026 01:46
7ab31545-39bd-4b97-af81-92d85c83297c,roan.bingo,available,51.98,68.98,high,low,4,namecheap,,,09/09/2026 18:08
d008a7b6-7107-45f8-8654-2dc30bd125ae,tamanoir.bingo,available,51.98,68.98,medium,low,8,namecheap,,,19/09/2026 12:16
9014c900-416d-4be5-a50c-e57fa89f29bb,dispatch.bingo,available,51.98,68.98,high,low,8,namecheap,,,04/09/2026 00:56
b3d68815-7062-43ca-84cb-47de3c1353c0,mission.bingo,available,14.99,,high,medium,7,name.com,,,
c262bde5-6b0b-4848-b8ec-32d3ffaa9fbf,zigzag.bingo,available,14.99,77.99,high,low,6,name.com,,,13/08/2026 05:04
d15b5386-d5e3-4526-94c5-7e835db9b70a,sapphic.bingo,available,14.99,77.99,medium,low,7,name.com,,,23/08/2026 00:18
6f3362d5-fbe8-4d6e-a7af-184fb78cb6a9,eviction.bingo,available,53.99,53.99,high,low,8,namesilo,,,24/09/2026 17:35
b334c36c-a466-473f-8230-45c1e96f0f9a,vales.bingo,available,53.99,53.99,medium,low,5,namesilo,,,21/09/2026 02:12
34ef19ea-97d5-40f4-a3b1-ec069978857a,bedhead.bingo,available,14.99,,medium,low,8,name.com,,,
c79412b6-1e58-405e-a3c0-3dccfbc578dc,pride.bingo,available,14.99,,high,low,5,name.com,,,
916f33fe-b04b-452c-a9a4-fa53da50e5ec,appraisal.bingo,available,53.99,53.99,high,low,9,namesilo,,,19/09/2026 22:07
213f3f02-64f7-4232-b33b-ebae2909b929,competing.bingo,available,14.99,,high,low,9,name.com,,,
65e61471-13f5-4281-a59c-9acd283d22ee,dominate.bingo,available,51.98,68.98,high,low,8,namecheap,,,16/09/2026 01:33
7f73d37b-d7c3-4ebb-9820-596a523d9168,asdic.bingo,available,53.99,53.99,medium,low,5,namesilo,,,20/09/2026 13:30
11301730-46be-4b24-87c8-11241e77b10e,paid.bingo,available,14.99,77.99,high,low,4,name.com,,,18/08/2026 19:32
4276b76d-aa0b-4475-bac7-3cfd66b0794d,nairobi.bingo,available,51.98,68.98,high,low,7,namecheap,,,24/09/2026 12:20
b37fa964-1f33-49e8-a3fa-904fff3cb419,whammy.bingo,available,14.99,77.99,medium,low,6,name.com,,,21/08/2026 07:39
876a2fc0-be6f-4d01-bef1-cc3f5755538f,chamomile.bingo,available,53.99,53.99,high,low,9,namesilo,,,19/09/2026 13:01
95df2664-dee5-43ad-960a-00685ea051e2,ambitious.bingo,available,53.99,53.99,high,low,9,namesilo,,,22/09/2026 03:59
ebac9331-aef5-4946-8d9e-ddbdbe533cb0,grapey.bingo,available,14.99,77.99,medium,low,6,name.com,,,20/08/2026 18:06
b04f546f-9c1f-48c0-8bda-78818ba8aded,trustful.bingo,available,51.98,68.98,high,low,8,namecheap,,,11/09/2026 20:45
e8abf3db-5ac5-48c2-9abf-15b67f18296c,ionic.bingo,available,14.99,77.99,high,low,5,name.com,,,22/08/2026 09:29
c5e2a148-8dcc-4432-b1af-318e77968a67,lister.bingo,available,53.99,53.99,medium,low,6,namesilo,,,22/09/2026 07:14
2b3e9e7d-0449-4e92-9523-950c69df7902,erwin.bingo,available,53.99,53.99,high,low,5,namesilo,,,27/09/2026 01:41
07e10a29-10c3-41ea-a62c-0972f69793bb,mussy.bingo,available,14.99,77.99,medium,low,5,name.com,,,24/08/2026 21:24
49527dee-c235-4b74-95fc-4693e4028372,aluminum.bingo,available,53.99,53.99,high,low,8,namesilo,,,18/09/2026 00:21
0d1d5b2b-99bd-4d14-be79-82dff879218a,deserter.bingo,available,14.99,77.99,medium,low,8,name.com,,,06/08/2026 03:40
43e5d08d-0590-487b-86cc-877f0c7d9777,haircut.bingo,available,14.99,,high,low,7,name.com,,,
86dcc4cc-fdd6-40fe-913b-b7c54d6d19e4,saccharine.bingo,available,14.99,77.99,medium,low,10,name.com,,,12/08/2026 12:48
65b54574-f19e-4aae-be98-60df21799e44,hopefully.bingo,available,14.99,,high,low,9,name.com,,,
7b30c8a0-9552-4fde-aede-1ce4bb02b9ec,unranked.bingo,available,51.98,68.98,medium,low,8,namecheap,,,12/09/2026 17:44
8c712e00-43f8-4db1-afe0-d0c75be231d9,telescoped.bingo,available,51.98,68.98,medium,low,10,namecheap,,,11/09/2026 10:22
6953494f-ebae-4dfb-89d1-44bdd09f12aa,admitted.bingo,available,42.64,42.64,medium,low,8,spaceship,,,27/09/2026 22:14
3cc4b32c-1f74-4c26-8530-899021b07015,bicuspid.bingo,available,14.99,77.99,high,low,8,name.com,,,09/08/2026 19:44
826d682d-e20a-42bf-b880-36a58fe31c0e,calgary.bingo,available,51.98,68.98,high,low,7,namecheap,,,24/09/2026 11:43
05fe16ad-4ee0-46d5-be85-38be9191597a,beige.bingo,available,14.99,77.99,medium,low,5,name.com,,,09/08/2026 12:22
05c571be-cc86-433c-86fe-da15dbd033a8,greenly.bingo,available,51.98,68.98,medium,low,7,namecheap,,,14/09/2026 22:19
749d3633-f073-44ba-895e-185c8ca8fa79,unafraid.bingo,available,51.98,68.98,high,low,8,namecheap,,,10/09/2026 01:28
bcf62166-20c1-4846-a85a-a4cffe978694,thieves.bingo,available,53.99,53.99,medium,low,7,namesilo,,,16/09/2026 11:41
18cf8a1b-eae2-46a7-90b5-178461242ce3,basileus.bingo,available,51.98,68.98,medium,low,8,namecheap,,,22/09/2026 10:47
d122dbe6-994b-4d5a-a984-26b8157c0831,nor.bingo,available,14.99,,high,low,3,name.com,,,
f2df79c3-6310-4879-be46-44ce217df87b,chekhov.bingo,available,53.99,53.99,medium,low,7,namesilo,,,19/09/2026 15:27
1d96a448-8efe-4980-bab3-910856ceabe6,cheat.bingo,available,14.99,77.99,high,low,5,name.com,,,12/08/2026 03:31
cf88b42b-1e8b-4687-97ad-25c19fb627eb,costs.bingo,available,14.99,,high,low,5,name.com,,,
6643a932-a1e7-4708-bbfb-af66da030e6b,mourning.bingo,available,14.99,77.99,medium,low,8,name.com,,,25/08/2026 08:38
7a4e51ed-2a87-4210-8fc4-5e93d560ea3f,molten.bingo,available,14.99,77.99,high,low,6,name.com,,,25/08/2026 03:57
87f63573-3cbf-49b6-8972-d1554baf972f,prop.bingo,available,53.99,53.99,high,low,4,namesilo,,,17/09/2026 23:19
a9e07e56-58d2-466c-a765-efba90630d6b,exothermic.bingo,available,14.99,77.99,medium,low,10,name.com,,,17/08/2026 17:46
fbc4b66a-3acd-4f3d-9dd4-0168d4321f4c,galangal.bingo,available,53.99,53.99,medium,low,8,namesilo,,,18/09/2026 14:03
ce34f1e5-143b-41e5-a96e-0bd672eae461,hiss.bingo,available,53.99,53.99,medium,low,4,namesilo,,,24/09/2026 06:41
6634f3dc-75c3-4733-b275-ca342ac081aa,angelfish.bingo,available,51.98,68.98,high,low,9,namecheap,,,19/09/2026 05:56
8a17200e-36dd-4862-9a53-b8f8332783c1,tornadoes.bingo,available,53.99,53.99,medium,low,9,namesilo,,,16/09/2026 14:14
97322892-0984-4075-af0b-dafd68a71a6e,acme.bingo,available,14.99,77.99,high,medium,4,name.com,,,24/08/2026 20:47
1baf5f64-9158-4514-b049-a63ed02c52c0,socioeconomic.bingo,available,53.99,53.99,medium,low,13,namesilo,,,16/09/2026 12:07
14c358f1-446c-40b0-8242-66fb2bfcdd7e,dandyish.bingo,available,14.99,77.99,medium,low,8,name.com,,,13/08/2026 17:03
854d9695-c066-406c-bfd6-8bcb126c137b,centrical.bingo,available,14.99,77.99,medium,low,9,name.com,,,12/08/2026 00:12
b479d4c4-e627-48d3-b067-6bcd9b4e825b,synchronic.bingo,available,51.98,68.98,medium,low,10,namecheap,,,11/09/2026 06:15
7f8ab965-fc88-4e32-a4cb-717d0981ee97,iridescent.bingo,available,14.99,77.99,high,low,10,name.com,,,12/08/2026 03:15
025c1c4a-ad4f-44ef-8cbd-89a0772af2f5,argali.bingo,available,51.98,68.98,medium,low,6,namecheap,,,20/09/2026 04:09
04c21b97-6ccf-4878-89af-ff541f38010e,necklace.bingo,available,53.99,53.99,high,low,8,namesilo,,,27/09/2026 14:59
6c05e6b5-c639-4ff1-9065-b8ee439dcfd3,whether.bingo,available,14.99,,high,low,7,name.com,,,
8388ac69-d982-4167-9e67-631033e2d9e9,radios.bingo,available,53.99,53.99,medium,low,6,namesilo,,,18/09/2026 23:09
aceac6d0-6b55-49f7-bef6-ac6fac480e0f,agenda.bingo,available,53.99,53.99,high,low,6,namesilo,,,17/09/2026 17:02
a5177ecd-fc39-496f-898a-4523c184fbd5,upton.bingo,available,42.64,42.64,medium,low,5,spaceship,,,27/09/2026 11:29
f92dad45-b5a0-4b3a-b63d-751466bd451a,asanga.bingo,available,51.98,68.98,medium,low,6,namecheap,,,20/09/2026 12:49
de667e80-aab3-44c6-a3b9-9aa14ca2c1ff,seriously.bingo,available,14.99,,high,low,9,name.com,,,
5bbb18c0-0fe9-4de2-961f-a92426646ced,inca.bingo,available,14.99,77.99,high,low,4,name.com,,,22/08/2026 00:46
e4031940-2203-49e5-bfc1-f9b580c25383,proofs.bingo,available,53.99,53.99,medium,low,6,namesilo,,,18/09/2026 06:55
8dee2711-252b-458d-b7b7-25094ce28b4a,rummy.bingo,available,14.99,77.99,high,low,5,name.com,,,13/08/2026 11:16
f5ca38e1-1704-4cd1-9e78-0e1b68d928dc,bezique.bingo,available,14.99,77.99,medium,low,7,name.com,,,23/09/2026 12:24
4bd1cfa8-3a9a-4529-ab81-1362919e9c96,difficulty.bingo,available,14.99,,high,low,10,name.com,,,
e26f59aa-9300-4461-817b-806b4afdcb31,beatified.bingo,available,14.99,77.99,medium,low,9,name.com,,,09/08/2026 05:53
594f6ff1-d037-432d-b87e-a71dfef6b543,charabanc.bingo,available,53.99,53.99,medium,low,9,namesilo,,,21/09/2026 05:58
405aea7a-5635-4691-9394-ff744e7127a8,optic.bingo,available,53.99,53.99,high,low,5,namesilo,,,25/09/2026 23:58
de6fa5dc-d11c-4c78-aee3-3bcafdc56ef7,untaxed.bingo,available,51.98,68.98,medium,low,7,namecheap,,,11/09/2026 09:28
86bb8554-d524-45df-a2db-e559c7a128da,planted.bingo,available,53.99,53.99,high,low,7,namesilo,,,24/09/2026 04:59
f71496b3-4832-4f05-9b9e-d5209d9bfab4,filter.bingo,available,14.99,77.99,high,low,6,name.com,,,25/09/2026 00:06
0930603e-40f0-42a6-a568-78fd2846034f,wannabee.bingo,available,14.99,77.99,medium,low,8,name.com,,,07/08/2026 05:22
b98f3233-54b1-45f7-95a3-ada4cc3fe6eb,anhedonia.bingo,available,53.99,53.99,medium,low,9,namesilo,,,19/09/2026 07:46
b1a0e85a-5818-4cab-ada4-128280863261,primes.bingo,available,53.99,53.99,medium,low,6,namesilo,,,20/09/2026 11:21
bfb06130-3f39-4cce-bde5-e7c6d31fa629,earth.bingo,available,14.99,,high,medium,5,name.com,,,
a18dd282-607d-4a34-8a32-2665ac0b5bd0,recipient.bingo,available,14.99,,high,low,9,name.com,,,
6c1e6e6c-c123-491a-b6c8-dd2bcf76f977,nathaniel.bingo,available,53.99,53.99,medium,low,9,namesilo,,,25/09/2026 14:50
b1253cb8-c640-452b-ac00-219adfb8ff83,fails.bingo,available,53.99,53.99,medium,low,5,namesilo,,,18/09/2026 00:27
dbacb7aa-fe96-40d4-b195-301c318cd6e6,valuable.bingo,available,14.99,,high,low,8,name.com,,,
ebd09b4e-2cc3-4b19-aa07-e1c55fc2ddcd,mortgaged.bingo,available,14.99,77.99,medium,low,9,name.com,,,25/08/2026 06:38
ba601583-7235-4ef9-9387-0d26353f9996,resinous.bingo,available,51.98,68.98,medium,low,8,namecheap,,,09/09/2026 15:13
0e270e23-6d90-4eba-8645-8e4b5cba1a43,hypnotised.bingo,available,14.99,77.99,medium,low,10,name.com,,,17/08/2026 22:48
6ad58931-a45b-46eb-9426-89d460467b57,galax.bingo,available,53.99,53.99,medium,low,5,namesilo,,,23/09/2026 01:54
38b2ab4e-e2f1-467b-890e-0189419ce1a4,algren.bingo,available,51.98,68.98,medium,low,6,namecheap,,,18/09/2026 07:18
5923e788-ca1c-48af-bb2e-2452c78d70b5,acetal.bingo,available,53.99,53.99,medium,low,6,namesilo,,,16/09/2026 23:47
c2652431-1c8b-4295-a703-2acbc2bca379,gilbert.bingo,available,14.99,77.99,high,low,7,name.com,,,18/08/2026 23:22
d0ed13a7-dde9-4a2f-8495-6db04d08280e,noachian.bingo,available,51.98,68.98,medium,low,8,namecheap,,,03/09/2026 17:58
2becb8df-1ed8-4c05-888e-fe302dac400a,amidships.bingo,available,14.99,77.99,medium,low,9,name.com,,,
da55ee9c-18d6-41d4-8c43-ac7d6f90e80d,spiky.bingo,available,14.99,77.99,medium,low,5,name.com,,,08/09/2026 11:12
4063c77d-a4ac-480e-9d4e-9869ef34e7e8,matutinal.bingo,available,14.99,77.99,medium,low,9,name.com,,,24/08/2026 17:33
8bc29b65-e3eb-42a8-bd16-663d6de5ebe6,numerical.bingo,available,51.98,68.98,medium,low,9,namecheap,,,03/09/2026 22:52
cc2483ce-4bbe-4c5e-8190-1bcdd9ebc77d,plump.bingo,available,14.99,77.99,high,low,5,name.com,,,12/08/2026 07:35
845bf1c8-4196-4837-854b-b895f033a23f,swishy.bingo,available,51.98,68.98,medium,low,6,namecheap,,,11/09/2026 05:54
ad7c673d-68ab-4f83-9f8a-13ebcfaa0f7a,apparition.bingo,available,51.98,68.98,high,low,10,namecheap,,,08/09/2026 18:34
1832d5cf-89fc-459a-b226-61b4db863f80,traveller.bingo,available,14.99,,high,low,9,name.com,,,
808bc098-c44a-4e72-b7b3-9b2ef7ba6ec3,russo.bingo,available,53.99,53.99,high,low,5,namesilo,,,27/09/2026 08:03
cfaebf81-5b24-44ad-a0b5-acef61801f75,abrasion.bingo,available,51.98,68.98,medium,low,8,namecheap,,,16/09/2026 16:56
638cbb05-5505-42f1-aff6-7224e060b88c,longitude.bingo,available,14.99,,high,low,9,name.com,,,
d59a549c-59ec-47d0-a620-60b9c021fa38,nuthin.bingo,available,14.99,,medium,low,6,name.com,,,
2e99dbf3-43c4-48ec-b72d-bfc1ea0bc381,scrambled.bingo,available,51.98,68.98,high,low,9,namecheap,,,09/09/2026 23:46
c442870d-ba58-4a93-b6c2-74a9ede9f67e,chicks.bingo,available,53.99,53.99,medium,low,6,namesilo,,,20/09/2026 03:49
bb405014-50c9-4e49-af7a-d32d872a5be9,gaston.bingo,available,53.99,53.99,high,low,6,namesilo,,,25/09/2026 12:38
f5ae5754-1eae-492a-9348-5bcfcab18b21,conjunct.bingo,available,14.99,77.99,high,low,8,name.com,,,12/08/2026 20:08
7c2fc422-2a86-4f2b-b7d1-d1e97362a881,augmented.bingo,available,14.99,77.99,high,low,9,name.com,,,22/09/2026 12:42
352d88cf-6e7a-451f-bacd-5c48cc25915c,emir.bingo,available,14.99,77.99,high,low,4,name.com,,,18/09/2026 17:55
48d93107-4443-48b9-b9f4-53d37d0a4e96,fiend.bingo,available,14.99,77.99,medium,low,5,name.com,,,17/08/2026 21:54
fda8527d-803d-43b9-962f-b0319ebbf260,transferred.bingo,available,53.99,53.99,medium,low,11,namesilo,,,27/09/2026 22:38
049f3b0f-c952-4c52-ac3e-762454561356,forever.bingo,available,53.99,53.99,high,medium,7,namesilo,,,27/09/2026 02:31
4fa50610-c2c0-453a-9a12-37177a503f30,literally.bingo,available,14.99,,high,low,9,name.com,,,
c94f14fc-4d17-4755-8e51-411e9c557d35,ironed.bingo,available,14.99,77.99,medium,low,6,name.com,,,22/08/2026 10:04
6f05814f-f5b4-45e9-8d62-026584cd2ca8,dare.bingo,available,14.99,77.99,high,low,4,name.com,,,13/08/2026 17:51
aa3458dc-cd0f-41d2-8dbe-bec2520cfbc6,combative.bingo,available,14.99,77.99,medium,low,9,name.com,,,
80b3b307-570f-476c-996a-81f22ffaedfc,keys.bingo,available,14.99,,high,medium,4,name.com,,,
fe8b4030-b469-43dd-9c04-36a8e1b2e47d,obvious.bingo,available,53.99,53.99,high,low,7,namesilo,,,25/09/2026 23:50
a68a23a5-2db5-4604-8fe9-e98c93537e76,crummy.bingo,available,14.99,77.99,medium,low,6,name.com,,,11/08/2026 09:02
559a55bf-f3ea-48e9-98e8-2110369c8018,yuman.bingo,available,51.98,68.98,medium,low,5,namecheap,,,13/09/2026 14:54
e8c2873a-2397-4fb9-a202-e0676b96681a,alyssum.bingo,available,53.99,53.99,medium,low,7,namesilo,,,18/09/2026 15:23
94022ef1-e7a3-4896-a2d5-6b36cd4e95a7,gloam.bingo,available,51.98,68.98,medium,low,5,namecheap,,,11/09/2026 21:43
2f58f617-eb3c-49a1-a265-78b9ac38d02a,decorative.bingo,available,14.99,77.99,high,low,10,name.com,,,13/08/2026 02:51
2ac03697-44ac-495d-b64a-efa078db583d,lightly.bingo,available,53.99,53.99,high,low,7,namesilo,,,25/09/2026 13:36
dffab794-a587-4950-ae06-94a50ea0d6ea,testis.bingo,available,53.99,53.99,medium,low,6,namesilo,,,21/09/2026 22:59
6e12454c-4dcb-44b1-bcc2-e3a627e0b250,anthus.bingo,available,53.99,53.99,medium,low,6,namesilo,,,19/09/2026 14:02
ccbd2119-9a26-4988-ae2b-7a5055bf112c,hereabouts.bingo,available,51.98,68.98,medium,low,10,namecheap,,,15/09/2026 00:20
303585f7-5683-4eda-8fec-75e5beb14287,smoothly.bingo,available,51.98,68.98,high,low,8,namecheap,,,16/09/2026 02:56
d1f307cc-56c6-4776-84f4-7de36230c04c,jumentous.bingo,available,14.99,77.99,low,low,9,name.com,,,22/08/2026 14:21
c4a92b65-ab3d-48b1-8c31-9b20daf074c5,fanged.bingo,available,14.99,77.99,medium,low,6,name.com,,,17/08/2026 22:05
524e1a46-3994-4d0e-8787-57fed114b742,homespun.bingo,available,14.99,77.99,high,low,8,name.com,,,13/08/2026 04:23
ae4720c5-8c09-4f4e-9c1e-252862b634b1,ascii.bingo,available,53.99,53.99,high,low,5,namesilo,,,18/09/2026 20:43
c75824a8-e41c-4bd9-b322-9b1323f11c97,ana.bingo,available,14.99,,high,low,3,name.com,,,
e7e23346-e867-48c6-a557-5524691d1280,requested.bingo,available,42.64,42.64,high,low,9,spaceship,,,27/09/2026 12:02
871d2ab0-d3b5-47c4-a6b0-630bd46d2fee,crime.bingo,available,51.98,68.98,high,low,5,namecheap,,,24/09/2026 19:24
a7909c1b-4e62-4d7d-89b9-20770735ecbc,poolside.bingo,available,14.99,,high,low,8,name.com,,,
5b1d8a98-1179-40a1-bf20-213f5b2385ca,busch.bingo,available,53.99,53.99,medium,low,5,namesilo,,,27/09/2026 03:12
e366e155-9749-44b4-82e8-9c35899e600b,acknowledged.bingo,available,14.99,,high,low,12,name.com,,,
76ad11c5-3c4a-4454-9aff-7dc0927d8e15,askance.bingo,available,14.99,77.99,medium,low,7,name.com,,,07/08/2026 02:56
db508661-fe87-4779-8528-9229235d6449,clinically.bingo,available,14.99,,medium,low,10,name.com,,,
9b5432bd-34f8-4366-9a71-1467b4b387e1,faa.bingo,available,51.98,68.98,high,low,3,namecheap,,,25/09/2026 05:50
3b00f004-0598-46e2-8b63-03a87545b9eb,airing.bingo,available,53.99,53.99,high,low,6,namesilo,,,17/09/2026 23:12
61091557-ee90-4aba-94b8-8cd90dd7c9ad,pitahaya.bingo,available,53.99,53.99,medium,low,8,namesilo,,,16/09/2026 20:46
4b9ecd4a-95f4-4113-84a2-5df4ce30d595,adenosine.bingo,available,53.99,53.99,medium,low,9,namesilo,,,17/09/2026 07:32
82221a82-ad25-44eb-8fba-6c3dbf889031,crackpot.bingo,available,51.98,68.98,medium,low,8,namecheap,,,10/09/2026 00:10
7f7b90ad-4012-456e-b3f6-c84c4c56dfd5,claus.bingo,available,51.98,68.98,medium,low,5,namecheap,,,27/09/2026 02:28
2aa3681e-d73f-4c58-8151-5b7f42f185f5,sanious.bingo,available,14.99,77.99,medium,low,7,name.com,,,21/08/2026 17:49
14a973a8-fe19-430a-bf82-d5b3a0d5f23c,eggplant.bingo,available,53.99,53.99,high,low,8,namesilo,,,21/09/2026 02:30
95923835-19c9-44ae-9364-83c9e9b9164a,assorted.bingo,available,14.99,77.99,medium,low,8,name.com,,,07/08/2026 07:25
0a5814ef-c85b-47c7-87a3-03c3b43ad045,atavist.bingo,available,51.98,68.98,medium,low,7,namecheap,,,11/09/2026 14:58
ca3c1551-109b-493d-a4a8-c280f871273b,transient.bingo,available,53.99,53.99,high,low,9,namesilo,,,24/09/2026 14:26
21581e43-6d8c-4977-89c5-509a27203efa,pronounced.bingo,available,53.99,53.99,high,low,10,namesilo,,,25/09/2026 16:53
301aeb02-01f0-45c3-8cf7-dea96b13ff1e,chaotic.bingo,available,14.99,77.99,high,low,7,name.com,,,12/08/2026 02:11
07230106-09bd-4ba8-a1b7-28d1946da709,autobus.bingo,available,53.99,53.99,medium,low,7,namesilo,,,21/09/2026 05:51
942620f5-fee5-43c7-b755-1504f1d5404a,thundery.bingo,available,14.99,77.99,medium,low,8,name.com,,,13/08/2026 19:58
f9b1a323-d2fe-4064-9d74-47fab3cadf94,philanthropic.bingo,available,14.99,,high,low,13,name.com,,,
590ea90a-469e-4a5e-9e8c-ed11dc5afadd,showy.bingo,available,14.99,77.99,high,low,5,name.com,,,18/08/2026 06:20
14d46edd-322b-400c-9d51-324cf333b66e,rail.bingo,available,14.99,,high,low,4,name.com,,,
d5672742-e709-4838-9d39-3cb47dce4f65,shahn.bingo,available,53.99,53.99,high,low,5,namesilo,,,23/09/2026 07:28
d38489ac-4c9f-41ae-86b8-fc27fc7548de,natives.bingo,available,53.99,53.99,medium,low,7,namesilo,,,18/09/2026 01:41
23d133da-aa79-4b55-b725-0ef0ec6aafad,victories.bingo,available,53.99,53.99,high,low,9,namesilo,,,18/09/2026 09:23
5b0703da-8d4c-4d56-b4ba-646fc5a63c0d,serrated.bingo,available,51.98,68.98,medium,low,8,namecheap,,,03/09/2026 22:08
674b346b-2a98-44b9-86a8-42c28fca8a22,nookie.bingo,available,14.99,77.99,medium,low,6,name.com,,,18/08/2026 17:31
744823dd-3591-4554-9938-c0edc007a2a3,hayseed.bingo,available,14.99,77.99,medium,low,7,name.com,,,21/08/2026 08:05
c22a8afd-0539-4332-ad34-e7ce70eb1c96,range.bingo,available,91.99,91.99,high,low,5,godaddy,,,28/09/2026 01:38
e10f711c-fea9-40c5-bbdd-69a6447e1898,lorazepam.bingo,available,14.99,77.99,medium,low,9,name.com,,,20/09/2026 21:27
d6d6a3d0-6bad-47c3-b7f8-ca38e156a3b8,observation.bingo,available,14.99,77.99,high,low,11,name.com,,,26/09/2026 00:49
6526c8cd-8aae-46f9-9ec1-0d7f60399e61,checkup.bingo,available,14.99,77.99,high,low,7,name.com,,,24/08/2026 18:57
41d3a18f-c454-4b39-9c58-75eab02839f3,martha.bingo,available,14.99,,high,low,6,name.com,,,
e3aed6db-2a97-4842-982b-0c53a2a4ebe7,cough.bingo,available,51.98,68.98,high,low,5,namecheap,,,24/09/2026 18:37
b30e6b57-e296-43d0-b3ce-806e590068f2,allergic.bingo,available,51.98,68.98,high,low,8,namecheap,,,22/09/2026 01:25
1da62a09-94cf-4297-9711-901b0ccfdd12,vaughn.bingo,available,51.98,68.98,high,low,6,namecheap,,,27/09/2026 11:16
b2720194-eec8-4c5b-a3c1-058f6d3e1942,ancients.bingo,available,14.99,77.99,high,low,8,name.com,,,19/09/2026 03:51
f4f360fc-9aa8-48b9-b6cb-270bdda4163f,mordant.bingo,available,14.99,77.99,medium,low,7,name.com,,,13/08/2026 02:11
27295fa5-a7cb-42c3-874b-111740d02781,favor.bingo,available,53.99,53.99,high,low,5,namesilo,,,27/09/2026 03:53
b927b6f3-2b92-43e2-acb0-ca588bd3c9c5,breeding.bingo,available,14.99,77.99,high,low,8,name.com,,,11/08/2026 03:36
c14146d1-1f82-400f-acb4-f7791a3aea9a,cornered.bingo,available,14.99,77.99,medium,low,8,name.com,,,07/08/2026 11:02
5e5689d1-174b-4e7c-8919-146ee38a298b,despise.bingo,available,14.99,,high,low,7,name.com,,,
eed5b817-f56a-4407-bfdb-86ece3b7527a,thee.bingo,available,14.99,,medium,low,4,name.com,,,
534a7c58-6635-468e-be7a-044412a4810c,propranolol.bingo,available,53.99,53.99,high,low,11,namesilo,,,20/09/2026 00:29
7a845b14-b1de-4cfe-919c-fd78616b33c9,zombie.bingo,available,53.99,53.99,high,low,6,namesilo,,,21/09/2026 07:05
8df5b775-bc49-4b87-bfdd-2e0055a90f0e,evan.bingo,available,53.99,53.99,high,low,5,namesilo,,,25/09/2026 13:11
1649d4ca-7337-4d04-b902-6f61d06258a1,distinctly.bingo,available,51.98,68.98,high,low,10,namecheap,,,14/09/2026 13:19
78a88111-baf9-4c8f-816f-73f52866128e,autogyro.bingo,available,53.99,53.99,medium,low,8,namesilo,,,21/09/2026 06:23
6caf9f6f-0ee5-4f15-835b-9610e2383058,notecase.bingo,available,53.99,53.99,medium,low,8,namesilo,,,23/09/2026 16:18
a3044cc5-f930-4c0f-b978-7b7a7a4d6685,hexed.bingo,available,14.99,77.99,medium,low,5,name.com,,,21/08/2026 07:51
de0bb4f2-bfbd-40ac-b5c4-2bf3ce5e3000,forwards.bingo,available,14.99,77.99,high,low,8,name.com,,,18/08/2026 12:49
95a0b886-c779-4b98-835a-93d39cee5bff,stared.bingo,available,53.99,53.99,medium,low,6,namesilo,,,18/09/2026 02:18
7fe21e78-397c-4961-9543-b63a9cfa0817,aecium.bingo,available,51.98,68.98,medium,low,6,namecheap,,,17/09/2026 12:08
16d61264-d36c-4998-b645-51baa18df871,vertically.bingo,available,53.99,53.99,medium,low,10,namesilo,,,16/09/2026 10:53
2c014cbd-61ef-46d8-9418-64db114674fa,tawdry.bingo,available,14.99,77.99,medium,low,6,name.com,,,12/08/2026 03:29
595718a2-a0a7-4dff-a235-50e66ae8abe6,waiter.bingo,available,14.99,,high,low,6,name.com,,,
940fcfe4-09c4-4d12-85ca-2fb0b7d55977,lingually.bingo,available,51.98,68.98,medium,low,9,namecheap,,,15/09/2026 12:28
cec1de61-fd88-458f-8099-fdb0de3e65b1,bemock.bingo,available,14.99,77.99,medium,low,6,name.com,,,25/08/2026 02:26
05f59144-bf49-4018-a6e7-b14e16d8bb76,drab.bingo,available,14.99,77.99,medium,low,4,name.com,,,14/08/2026 11:43
dc7aad8c-58b0-49a0-9615-c75b58e8b4d3,mediocre.bingo,available,51.98,68.98,high,low,8,namecheap,,,25/09/2026 18:51
157fd07c-737d-4ae3-a799-7dcf0a1b0b56,airdrop.bingo,available,53.99,53.99,high,low,7,namesilo,,,17/09/2026 23:06
8721f291-3313-4ae5-acd4-6ed738df19af,indie.bingo,available,14.99,77.99,high,medium,5,name.com,,,22/08/2026 03:00
04cdd2a9-bcbc-47e0-829a-2a44b8e64fad,cinque.bingo,available,14.99,77.99,medium,low,6,name.com,,,
a47e40b3-0870-4da2-8435-508ae90dfadd,berber.bingo,available,51.98,68.98,high,low,6,namecheap,,,23/09/2026 09:07
a7aa3ed7-6cdc-4efb-a520-eba7680d6cb6,nondrinker.bingo,available,14.99,77.99,medium,low,10,name.com,,,
42f93cfb-4bb5-4df8-b1ad-c3752f603510,cystic.bingo,available,14.99,77.99,medium,low,6,name.com,,,13/08/2026 14:36
b0ba36b4-6ac2-47ed-a036-c38f8c4508c8,endow.bingo,available,53.99,53.99,high,low,5,namesilo,,,24/09/2026 23:37
022aeeda-242c-4db5-8ddb-7e9407e84c38,takeaways.bingo,available,53.99,53.99,medium,low,9,namesilo,,,18/09/2026 05:02
37a80898-6c0c-4bea-8681-ff3f70d9b791,leaving.bingo,available,51.98,68.98,high,low,7,namecheap,,,24/09/2026 22:37
76d24fa8-e516-472f-a0f9-55343d5096a2,abel.bingo,available,51.98,68.98,high,low,4,namecheap,,,16/09/2026 14:57
0014fcfe-5a4d-4620-bb6d-8bfbcd2ac200,bound.bingo,available,51.98,68.98,high,low,5,namecheap,,,22/09/2026 07:27
5d97d6c6-c064-4d01-b304-2481c502afc6,deputy.bingo,available,14.99,,high,low,6,name.com,,,
b365176e-d879-4c4e-9239-9862a0fd7a81,monogamous.bingo,available,14.99,77.99,high,low,10,name.com,,,25/08/2026 05:11
bd41b48b-f302-474e-8f45-bb3ce1bb07b8,control.bingo,available,53.99,53.99,high,low,7,namesilo,,,25/09/2026 05:47
4ea31581-c3d9-45e7-bca6-5381345dfdf9,inheriting.bingo,available,14.99,77.99,medium,low,10,name.com,,,22/08/2026 05:04
c8fcc954-008b-4308-a940-e242f769c09e,doctorfish.bingo,available,51.98,68.98,medium,low,10,namecheap,,,16/09/2026 20:58
cb61fdcb-1df1-4306-a40f-9197cb9e47f4,unpunished.bingo,available,51.98,68.98,medium,low,10,namecheap,,,12/09/2026 17:37
fb550c8b-0194-4b58-bd8c-a0ad2f8fb20d,rustle.bingo,available,51.98,68.98,high,low,6,namecheap,,,13/09/2026 11:37
662f4770-64a6-4dfe-9a3c-b54143f25bfb,consultive.bingo,available,14.99,77.99,medium,low,10,name.com,,,
bea32241-87fe-43c0-9aa0-8f2cc121fb2c,puffed.bingo,available,51.98,68.98,high,low,6,namecheap,,,09/09/2026 05:37
74e14b53-2a33-40b8-8490-7f4608d20c42,peal.bingo,available,14.99,77.99,medium,low,4,name.com,,,09/09/2026 18:22
3c6ffc44-d48e-4d03-b3a9-3f9c27f07633,arng.bingo,available,53.99,53.99,medium,low,4,namesilo,,,20/09/2026 08:02
76c5c123-333d-4628-aa00-d84c04ae2b64,swimmer.bingo,available,53.99,53.99,high,low,7,namesilo,,,22/09/2026 13:29
9678c660-8a8f-4752-abc5-4a4626410998,glamourous.bingo,available,14.99,77.99,high,low,10,name.com,,,19/08/2026 00:17
d9e04ac1-3a5f-4fe1-bd88-859747a1971b,subclavian.bingo,available,51.98,68.98,medium,low,10,namecheap,,,10/09/2026 23:40
970fb2f9-f0d7-438b-9dde-e6d9737d90a2,residence.bingo,available,53.99,53.99,high,low,9,namesilo,,,16/09/2026 16:23
d8a1a343-10e0-4852-8b87-cadbb425bfca,baguet.bingo,available,51.98,68.98,medium,low,6,namecheap,,,21/09/2026 18:30
96dabd01-3107-44d5-b24e-4ae761804d3f,cleverness.bingo,available,53.99,53.99,high,low,10,namesilo,,,24/09/2026 15:36
54f513e7-a97e-4ce6-b366-e40309b20f5b,soaking.bingo,available,51.98,68.98,medium,low,7,namecheap,,,14/09/2026 14:28
2dcd5470-44a8-438e-b162-da3e7fd01752,hired.bingo,available,14.99,77.99,high,low,5,name.com,,,12/08/2026 02:48
97cf8ac2-56c8-462b-8dd5-97d6868497f4,kernel.bingo,available,51.98,68.98,high,low,6,namecheap,,,14/09/2026 23:39
c5f8abd2-0891-46ff-befe-9f7d2ec47516,slicker.bingo,available,53.99,53.99,medium,low,7,namesilo,,,23/09/2026 02:58
5a2f6b55-40d1-4d79-a078-78bb6151b030,bars.bingo,available,14.99,,high,low,4,name.com,,,
4e040856-6373-411f-ade3-9ac152592ef2,sexist.bingo,available,51.98,68.98,medium,low,6,namecheap,,,10/09/2026 05:14
f5645d45-abf0-42d4-9783-a3ab14f408c2,kantian.bingo,available,14.99,77.99,medium,low,7,name.com,,,22/08/2026 15:06
5b248a59-896a-4a32-b543-6b287fb1dbdf,blenheim.bingo,available,53.99,53.99,medium,low,8,namesilo,,,24/09/2026 05:52
7f793078-ef72-441b-9b57-38f38ebc1faf,planning.bingo,available,14.99,,high,low,8,name.com,,,
8022e544-e1ad-4e14-9236-8ba65cece0d1,dessert.bingo,available,53.99,53.99,high,low,7,namesilo,,,25/09/2026 10:39
e6276d29-e059-455e-a17a-b19e3bd0a20d,garage.bingo,available,14.99,,high,low,6,name.com,,,
197fd1a0-f384-43ed-9589-74d358de2bc6,gide.bingo,available,53.99,53.99,high,low,4,namesilo,,,19/09/2026 04:13
0df4c967-3fa0-44dd-a8de-32fb46574076,airworthy.bingo,available,14.99,77.99,medium,low,9,name.com,,,
c400a161-7365-4517-9d3a-d30b24a75d43,deflation.bingo,available,14.99,,medium,low,9,name.com,,,
b38afdaa-eb47-400c-b874-6834cd41f518,ferret.bingo,available,53.99,53.99,high,low,6,namesilo,,,23/09/2026 23:49
5b69cc61-8242-4ab6-8c8f-292baeac4c98,significant.bingo,available,14.99,,high,low,11,name.com,,,
d5ad21dd-53e7-424e-ade1-7f996d9d5c8b,adhocracy.bingo,available,53.99,53.99,medium,low,9,namesilo,,,17/09/2026 08:02
54e7c323-e403-4544-8d12-3234689e0fba,alluring.bingo,available,51.98,68.98,high,low,8,namecheap,,,22/09/2026 01:34
5167d69f-f686-42a6-8d31-01170eda9d6e,legalize.bingo,available,14.99,77.99,high,low,8,name.com,,,22/08/2026 23:05